,WKT,,,,,
,POINT (127.003732 37.508897),,,,,
,야장타입: 노포,,,,,
,분위기: 소소한,,,,,
,주류종류: 소주,,,,,
one_line_reason,한줄리뷰: 반포한강공원 근처 반원상가 노포 야장 삼겹살과 물회,,,,,
,주소: 서울 서초구 신반포로23길 30,,,,,
,위도: 37.5088971582088,,,,,
,경도: 127.003732400403,,,,,
,네이버지도URL: https://m.place.naver.com/place/18273696/home,,,,,
,POINT (126.894265 37.514824),,,,,
,야장타입: 루프탑,,,,,
,분위기: 데이트,,,,,
,주류종류: 소주,,,,,
,한줄리뷰: 문래 루프탑에서 영등포 야경 보며 이자카야 안주와 소주,,,,,
,주소: 서울 영등포구 도림로 442-1,,,,,
,위도: 37.51482445124475,,,,,
,경도: 126.8942651924607,,,,,
,네이버지도URL: https://m.place.naver.com/place/1066704911/home,,,,,
,POINT (127.059451 37.542646),,,,,
,야장타입: 루프탑,,,,,
,분위기: 데이트,,,,,
,주류종류: 소주,,,,,
,한줄리뷰: 성수 루프탑 야장,,,,,
,주소: 서울 성동구 연무장15길 11,,,,,
,위도: 37.54264640752836,,,,,
,경도: 127.05945111213201,,,,,
,네이버지도URL: https://m.place.naver.com/place/1014273417/home,,,,,
,POINT (126.925811 37.560581),,,,,
,야장타입: 루프탑,,,,,
,분위기: 소소한,,,,,
,주류종류: 칵테일,,,,,
,한줄리뷰: 연남 최고 루프탑,,,,,
,주소: 서울 마포구 연희로1길 38,,,,,
,위도: 37.56058144382453,,,,,
,경도: 126.92581091027769,,,,,
,네이버지도URL: https://m.place.naver.com/place/1146136386/home,,,,,
,POINT (126.824832 37.568313),,,,,
,야장타입: 루프탑,,,,,
,분위기: 데이트,,,,,
,주류종류: 소주,,,,,
,한줄리뷰: 잘 꾸며진 야외테라스,,,,,
,주소: 서울 강서구 마곡서로 157,,,,,
,위도: 37.568313468085684,,,,,
,경도: 126.82483191401953,,,,,
,네이버지도URL: https://m.place.naver.com/place/1420134190/home,,,,,
,POINT (126.993506 37.533264),,,,,
,야장타입: 루프탑,,,,,
,분위기: 데이트,,,,,
,주류종류: 소주,,,,,
,한줄리뷰: 이태원 핫한 루프탑 야장 술집. 야외에서 즐기는 분위기 좋은 공간.,,,,,
,주소: 서울 용산구 이태원로26길 28,,,,,
,위도: 37.5332637610995,,,,,
,경도: 126.993505773803,,,,,
,네이버지도URL: https://m.place.naver.com/place/1058201856/home,,,,,
,POINT (127.073623 37.545539),,,,,
,야장타입: 루프탑,,,,,
,분위기: 데이트,,,,,
,주류종류: 칵테일,,,,,
,한줄리뷰: 건대 후문 루프탑 칵테일과 안주로 분위기 있는 야장,,,,,
,주소: 서울 광진구 광나루로20길 36-6,,,,,
,위도: 37.545538738558385,,,,,
,경도: 127.07362309855473,,,,,
,네이버지도URL: https://m.place.naver.com/place/1160743896/home,,,,,
,POINT (127.054608 37.537804),,,,,
,야장타입: 노포,,,,,
,분위기: 왁자지껄,,,,,
,주류종류: 소주,,,,,
,한줄리뷰: 성수 노포 야장,,,,,
,주소: 서울 성동구 성수이로 30-3,,,,,
,위도: 37.5378040702262,,,,,
,경도: 127.05460798425395,,,,,
,네이버지도URL: https://m.place.naver.com/place/1541439813/home,,,,,
,POINT (126.885196 37.48233),,,,,
,야장타입: 루프탑,,,,,
,분위기: 왁자지껄,,,,,
,주류종류: 소주,,,,,
,한줄리뷰: 가산디지털단지역 근처 루프탑 펍에서 야외 테이블 즐기기,,,,,
,주소: 서울 금천구 벚꽃로38길 32-67,,,,,
,위도: 37.4823302177592,,,,,
,경도: 126.885195865647,,,,,
,네이버지도URL: https://m.map.naver.com/search?query=%EC%84%9C%EC%9A%B8%20%EA%B0%9C%EB%8F%BC%EC%A7%80%ED%8E%8D%20%EA%B0%80%EC%82%B0%EB%94%94%EC%A7%80%ED%84%B8%EB%8B%A8%EC%A7%80%EC%97%AD,,,,,
,POINT (127.073709 37.626126),,,,,
,야장타입: 루프탑,,,,,
,분위기: 데이트,,,,,
,주류종류: 칵테일,,,,,
,한줄리뷰: 공릉 루프탑 야외테이블 많고 거울포토존 분위기 좋음,,,,,
,주소: 서울 노원구 동일로192길 11,,,,,
,위도: 37.6261261840564,,,,,
,경도: 127.073709307398,,,,,
,네이버지도URL: https://m.place.naver.com/place/1496976057/home,,,,,
,POINT (127.039995 37.521342),,,,,
,야장타입: 노포,,,,,
,분위기: 소소한,,,,,
,주류종류: 소주,,,,,
,한줄리뷰: 청담동 영동고 뒤편 노포 야장,,,,,
,주소: 서울 강남구 선릉로 748,,,,,
,위도: 37.5213423180753,,,,,
,경도: 127.039995351841,,,,,
,네이버지도URL: https://m.place.naver.com/place/1553512862/home,,,,,
,POINT (127.077773 37.555889),,,,,
,야장타입: 루프탑,,,,,
,분위기: 소소한,,,,,
,주류종류: 정보없음,,,,,
,한줄리뷰: 3층 루프탑 테라스 야장 가능,,,,,
,주소: 서울 광진구 능동로31길 14,,,,,
,위도: 37.5558894478948,,,,,
,경도: 127.077773185523,,,,,
,네이버지도URL: https://m.place.naver.com/place/1215958859/home,,,,,
,POINT (126.894688 37.514703),,,,,
,야장타입: 루프탑,,,,,
,분위기: 데이트,,,,,
,주류종류: 소주,,,,,
,한줄리뷰: 문래 야외 테라스,,,,,
,주소: 서울 영등포구 도림로 436-3,,,,,
,위도: 37.5147031938637,,,,,
,경도: 126.894688401492,,,,,
,네이버지도URL: https://m.place.naver.com/place/1818545585/home,,,,,
,POINT (127.013594 37.565296),,,,,
,야장타입: 노포,,,,,
,분위기: 소소한,,,,,
,주류종류: 소주,,,,,
,한줄리뷰: 왕십리 대학가 야장 삼겹살 노포,,,,,
,주소: 서울 중구 퇴계로 379,,,,,
,위도: 37.56529635986181,,,,,
,경도: 127.01359390965546,,,,,
,네이버지도URL: https://m.place.naver.com/place/1135620624/home,,,,,
,POINT (126.985856 37.568662),,,,,
,야장타입: 루프탑,,,,,
,분위기: 데이트,,,,,
,주류종류: 정보없음,,,,,
,한줄리뷰: 종각 루프탑 야경 보며 맥주 즐기기 최고,,,,,
,주소: 서울 종로구 청계천로 73,,,,,
,위도: 37.568661514889776,,,,,
,경도: 126.98585649105377,,,,,
,네이버지도URL: https://m.map.naver.com/search?query=%EC%84%9C%EC%9A%B8%2011-14%EB%B2%88%EC%A7%80%20%EC%BC%80%EC%A3%BC%EC%96%BC%ED%8E%8D,,,,,
,POINT (126.984927 37.544976),,,,,
,야장타입: 매장,,,,,
,분위기: 데이트,,,,,
,주류종류: 와인,,,,,
,한줄리뷰: 신흥시장 골목 야장 와인바,,,,,
,주소: 서울 용산구 신흥로 99-9,,,,,
,위도: 37.54497597956411,,,,,
,경도: 126.98492741741414,,,,,
,네이버지도URL: https://m.place.naver.com/place/1000658573/home,,,,,
,POINT (127.051629 37.505716),,,,,
,야장타입: 루프탑,,,,,
,분위기: 데이트,,,,,
,주류종류: 칵테일,,,,,
,한줄리뷰: 명동 21층 국내 최대 규모 루프탑 바로 탁 트인 야경과 고급스러운 분위기,,,,,
,주소: 서울 강남구 테헤란로 415,,,,,
,위도: 37.5057161987885,,,,,
,경도: 127.051629346313,,,,,
,네이버지도URL: https://m.place.naver.com/place/1370155656/home,,,,,
,POINT (127.036523 37.526249),,,,,
,야장타입: 루프탑,,,,,
,분위기: 왁자지껄,,,,,
,주류종류: 소주,,,,,
,한줄리뷰: 천장 열리는 루프탑에서 연탄구이와 소주,,,,,
,주소: 서울 강남구 압구정로48길 36-4,,,,,
,위도: 37.5262485002626,,,,,
,경도: 127.036522641143,,,,,
,네이버지도URL: https://m.place.naver.com/place/12804733/home,,,,,
,POINT (127.010519 37.554095),,,,,
,야장타입: 매장,,,,,
,분위기: 왁자지껄,,,,,
,주류종류: 소주,,,,,
,한줄리뷰: 다산로 포차 야장 뜨거운 포장마차,,,,,
,주소: 서울 중구 다산로 114-1,,,,,
,위도: 37.55409457825166,,,,,
,경도: 127.01051927354895,,,,,
,네이버지도URL: https://m.place.naver.com/place/1158474173/home,,,,,
,POINT (127.00422 37.645693),,,,,
,야장타입: 매장,,,,,
,분위기: 소소한,,,,,
,주류종류: 소주,,,,,
,한줄리뷰: 북한산 둘레길 야외테이블,,,,,
,주소: 서울 강북구 4.19로12길 75,,,,,
,위도: 37.6456933045111,,,,,
,경도: 127.004219669737,,,,,
,네이버지도URL: https://m.map.naver.com/search?query=%EC%84%9C%EC%9A%B8%20%EC%B2%AD%ED%99%94%EA%B0%80%EB%93%A0%20%EB%B6%81%ED%95%9C%EC%82%B0,,,,,
,POINT (127.085592 37.509281),,,,,
,야장타입: 매장,,,,,
,분위기: 왁자지껄,,,,,
,주류종류: 소주,,,,,
,한줄리뷰: 잠실새내 포차 야장거리,,,,,
,주소: 서울 송파구 석촌호수로12길 8,,,,,
,위도: 37.5092806690364,,,,,
,경도: 127.085592288053,,,,,
,네이버지도URL: https://m.place.naver.com/place/37293562/home,,,,,
,POINT (126.921582 37.604263),,,,,
,야장타입: 노포,,,,,
,분위기: 왁자지껄,,,,,
,주류종류: 소주,,,,,
,한줄리뷰: 진흥로 야외 호프 노가리 왁자지껄 야장 명소,,,,,
,주소: 서울 은평구 진흥로 81-1,,,,,
,위도: 37.60426337088127,,,,,
,경도: 126.92158193240523,,,,,
,네이버지도URL: https://m.place.naver.com/place/1923905204/home,,,,,
,POINT (127.026469 37.503727),,,,,
,야장타입: 루프탑,,,,,
,분위기: 데이트,,,,,
,주류종류: 칵테일,,,,,
,한줄리뷰: 역삼동 루프탑 야외,,,,,
,주소: 서울 강남구 봉은사로4길 17,,,,,
,위도: 37.503726987180904,,,,,
,경도: 127.02646881036519,,,,,
,네이버지도URL: https://m.place.naver.com/place/1148857962/home,,,,,
,POINT (126.925816 37.563093),,,,,
,야장타입: 매장,,,,,
,분위기: 데이트,,,,,
,주류종류: 소주,,,,,
,한줄리뷰: 홍대입구역 근처 야장 감성 데이트,,,,,
,주소: 서울 마포구 동교로 266-7,,,,,
,위도: 37.5630934254012,,,,,
,경도: 126.925816342318,,,,,
,네이버지도URL: https://m.place.naver.com/place/1108132072/home,,,,,
,POINT (126.924638 37.56062),,,,,
,야장타입: 매장,,,,,
,분위기: 데이트,,,,,
,주류종류: 소주,,,,,
,한줄리뷰: 동교동 야외테이블 상회식 안주와 소주 로맨틱,,,,,
,주소: 서울 마포구 동교로30길 3,,,,,
,위도: 37.56062034503681,,,,,
,경도: 126.924638314908,,,,,
,네이버지도URL: https://m.place.naver.com/place/1719609996/home,,,,,
,POINT (127.03133 37.497085),,,,,
,야장타입: 매장,,,,,
,분위기: 왁자지껄,,,,,
,주류종류: 소주,,,,,
,한줄리뷰: 강남역 누룽지 통닭 야장,,,,,
,주소: 서울 강남구 강남대로84길 34,,,,,
,위도: 37.4970853834231,,,,,
,경도: 127.031330261471,,,,,
,네이버지도URL: https://m.place.naver.com/place/1553521994/home,,,,,
,POINT (126.940614 37.514624),,,,,
,야장타입: 매장,,,,,
,분위기: 소소한,,,,,
,주류종류: 소주,,,,,
,한줄리뷰: 노량진수산시장 옆 야외 조개구이와 소주,,,,,
,주소: 서울 동작구 노들로 688,,,,,
,위도: 37.5146243889501,,,,,
,경도: 126.940614105889,,,,,
,네이버지도URL: https://m.place.naver.com/place/1240153266/home,,,,,
,POINT (126.919365 37.548276),,,,,
,야장타입: 노포,,,,,
,분위기: 왁자지껄,,,,,
,주류종류: 소주,,,,,
,한줄리뷰: 합정과 상수 사이 야외에서 즐기는 고기,,,,,
,주소: 서울 마포구 양화로6길 94,,,,,
,위도: 37.5482758976106,,,,,
,경도: 126.919364924854,,,,,
,네이버지도URL: https://m.place.naver.com/place/365735446/home,,,,,
,POINT (127.083969 37.595569),,,,,
,야장타입: 루프탑,,,,,
,분위기: 소소한,,,,,
,주류종류: 정보없음,,,,,
,한줄리뷰: 테라스 야외,,,,,
,주소: 서울 중랑구 면목로95길 26,,,,,
,위도: 37.5955685969817,,,,,
,경도: 127.083968735017,,,,,
,네이버지도URL: https://m.map.naver.com/search?query=%EC%84%9C%EC%9A%B8%20%EC%8B%9C%EC%A6%8C%EB%AA%A8%EB%A8%BC%ED%8A%B8%20%EC%83%81%EB%B4%89%EC%97%AD,,,,,
,POINT (126.898652 37.558027),,,,,
,야장타입: 매장,,,,,
,분위기: 데이트,,,,,
,주류종류: 와인,,,,,
,한줄리뷰: 망원한강공원 야외테이블 피자,,,,,
,주소: 서울 마포구 방울내로 24,,,,,
,위도: 37.5580267507819,,,,,
,경도: 126.898652040922,,,,,
,네이버지도URL: https://m.place.naver.com/place/1115420048/home,,,,,
,POINT (126.991696 37.56695),,,,,
,야장타입: 매장,,,,,
,분위기: 데이트,,,,,
,주류종류: 소주,,,,,
,한줄리뷰: 충무로길 골목 야외,,,,,
,주소: 서울 중구 충무로9길 14,,,,,
,위도: 37.5669501781499,,,,,
,경도: 126.991696325885,,,,,
,네이버지도URL: https://m.map.naver.com/search?query=%EC%84%9C%EC%9A%B8%20%EB%AA%85%EB%8F%99%EA%B3%A8%EB%B1%85%EC%9D%B4%20%EC%9D%84%EC%A7%80%EB%A1%9C%EC%A0%90,,,,,
,POINT (127.005675 37.532806),,,,,
,야장타입: 루프탑,,,,,
,분위기: 데이트,,,,,
,주류종류: 와인,,,,,
,한줄리뷰: 한남동 루프탑 테라스,,,,,
,주소: 서울 용산구 대사관로30길 9,,,,,
,위도: 37.5328060947536,,,,,
,경도: 127.005675059155,,,,,
,네이버지도URL: https://m.place.naver.com/place/1989635694/home,,,,,
,POINT (126.978235 37.562482),,,,,
,야장타입: 노포,,,,,
,분위기: 데이트,,,,,
,주류종류: 와인,,,,,
,한줄리뷰: 낮은 조명의 차분한 와인/칵테일 바,,,,,
,주소: 서울 중구 세종대로14길 28-6,,,,,
,위도: 37.5624822256462,,,,,
,경도: 126.978234717011,,,,,
,네이버지도URL: https://maps.app.goo.gl/BHssndZVqK56h5DYA,,,,,
,POINT (126.989572 37.572389),,,,,
,야장타입: 매장,,,,,
,분위기: 왁자지껄,,,,,
,주류종류: 소주,,,,,
,한줄리뷰: 종로3가 포장마차 거리의 활기찬 분위기에서 소주와 안주 즐기기,,,,,
,주소: 서울 종로구 돈화문로11길 33,,,,,
,위도: 37.572389319259734,,,,,
,경도: 126.98957210896731,,,,,
,네이버지도URL: https://m.place.naver.com/place/1516328464/home,,,,,
,POINT (126.982175 37.58321),,,,,
,야장타입: 루프탑,,,,,
,분위기: 데이트,,,,,
,주류종류: 정보없음,,,,,
,한줄리뷰: 북촌 야외 테라스 루프탑,,,,,
,주소: 서울 종로구 삼청로 86-5,,,,,
,위도: 37.583210275679,,,,,
,경도: 126.982175371656,,,,,
,네이버지도URL: https://m.place.naver.com/place/19589189/home,,,,,
,POINT (126.991421 37.563744),,,,,
,야장타입: 루프탑,,,,,
,분위기: 데이트,,,,,
,주류종류: 소주,,,,,
,한줄리뷰: 낙산공원 인근 루프탑에서 한식과 함께 야경 감상하기,,,,,
,주소: 서울 중구 수표로10길 19,,,,,
,위도: 37.56374441420448,,,,,
,경도: 126.99142050809589,,,,,
,네이버지도URL: https://m.place.naver.com/place/1241532707/home,,,,,
,POINT (126.935752 37.557191),,,,,
,야장타입: 노포,,,,,
,분위기: 소소한,,,,,
,주류종류: 소주,,,,,
,한줄리뷰: 신촌 야외자리 조개구이 해장국 전문 신선함,,,,,
,주소: 서울 서대문구 연세로5가길 15,,,,,
,위도: 37.5571914144927,,,,,
,경도: 126.935752253744,,,,,
,네이버지도URL: https://m.map.naver.com/search?query=%EC%84%9C%EC%9A%B8%20%EC%A7%80%EC%98%A4%EC%A7%B1%EC%83%9D%EC%A1%B0%EA%B0%9C%EA%B5%AC%EC%9D%B4,,,,,
,POINT (127.003547 37.508785),,,,,
,야장타입: 노포,,,,,
,분위기: 소소한,,,,,
,주류종류: 소주,,,,,
,한줄리뷰: 잠원동 반원상가 야외에서 치킨과 수제비 동시에 즐김,,,,,
,주소: 서울 서초구 신반포로23길 30,,,,,
,위도: 37.5087854393324,,,,,
,경도: 127.003546906127,,,,,
,네이버지도URL: https://m.place.naver.com/place/32800031/home,,,,,
,POINT (126.991442 37.571646),,,,,
,야장타입: 매장,,,,,
,분위기: 데이트,,,,,
,주류종류: 칵테일,,,,,
,한줄리뷰: 종로3가 돈화문로 야외테라스,,,,,
,주소: 서울 종로구 돈화문로5가길 19,,,,,
,위도: 37.5716461486747,,,,,
,경도: 126.991442241328,,,,,
,네이버지도URL: https://m.place.naver.com/place/1798532855/home,,,,,
,POINT (126.897606 37.492382),,,,,
,야장타입: 노포,,,,,
,분위기: 소소한,,,,,
,주류종류: 소주,,,,,
,한줄리뷰: 을지로 오래된 호프 야장 노가리 쾌적,,,,,
,주소: 서울 영등포구 도림로38길 7,,,,,
,위도: 37.4923824536696,,,,,
,경도: 126.897605501259,,,,,
,네이버지도URL: https://m.place.naver.com/place/1109656885/home,,,,,
,POINT (126.940042 37.54263),,,,,
,야장타입: 매장,,,,,
,분위기: 소소한,,,,,
,주류종류: 소주,,,,,
,한줄리뷰: 상수동 마당 평상 포차 안주와 소주,,,,,
,주소: 서울 마포구 토정로 269,,,,,
,위도: 37.5426299332467,,,,,
,경도: 126.940041971184,,,,,
,네이버지도URL: https://m.place.naver.com/place/1471043849/home,,,,,
,POINT (126.958097 37.477852),,,,,
,야장타입: 루프탑,,,,,
,분위기: 데이트,,,,,
,주류종류: 소주,,,,,
,한줄리뷰: 야장 테라스와 3층 루프탑,,,,,
,주소: 서울 관악구 관악로14길 103,,,,,
,위도: 37.4778518930148,,,,,
,경도: 126.958096837209,,,,,
,네이버지도URL: https://m.place.naver.com/place/1410716788/home,,,,,
,POINT (126.967832 37.555608),,,,,
,야장타입: 루프탑,,,,,
,분위기: 데이트,,,,,
,주류종류: 와인,,,,,
,한줄리뷰: 만리재로 야외 파리풍 비스트로 뇨끼 파스타,,,,,
,주소: 서울 중구 만리재로 201,,,,,
,위도: 37.5556079449278,,,,,
,경도: 126.967831535859,,,,,
,네이버지도URL: https://m.place.naver.com/place/1044477499/home,,,,,
,POINT (126.942572 37.643304),,,,,
,야장타입: 노포,,,,,
,분위기: 소소한,,,,,
,주류종류: 소주,,,,,
,한줄리뷰: 계곡 뷰 야외석,,,,,
,주소: 서울 은평구 연서로54길 32,,,,,
,위도: 37.64330440890593,,,,,
,경도: 126.94257172859562,,,,,
,네이버지도URL: https://m.place.naver.com/place/18694358/home,,,,,
,POINT (127.004827 37.64423),,,,,
,야장타입: 노포,,,,,
,분위기: 소소한,,,,,
,주류종류: 소주,,,,,
,한줄리뷰: 북한산 숲속 야외석,,,,,
,주소: 서울 강북구 4.19로21길 4,,,,,
,위도: 37.6442300833029,,,,,
,경도: 127.00482691741877,,,,,
,네이버지도URL: https://m.place.naver.com/place/1703423883/home,,,,,
,POINT (127.00517 37.555897),,,,,
,야장타입: 루프탑,,,,,
,분위기: 데이트,,,,,
,주류종류: 소주,,,,,
,한줄리뷰: 노량진 루프탑에서 회와 서울 야경,,,,,
,주소: 서울 중구 동호로 249,,,,,
,위도: 37.5558969290908,,,,,
,경도: 127.005169790093,,,,,
,네이버지도URL: https://m.place.naver.com/place/1927885316/home,,,,,
,POINT (127.107869 37.509268),,,,,
,야장타입: 루프탑,,,,,
,분위기: 데이트,,,,,
,주류종류: 와인,,,,,
,한줄리뷰: 송리단길 루프탑 야외테라스,,,,,
,주소: 서울 송파구 백제고분로43길 27,,,,,
,위도: 37.5092678325058,,,,,
,경도: 127.107869150481,,,,,
,네이버지도URL: https://m.place.naver.com/place/2047320661/home,,,,,
,POINT (127.010724 37.492455),,,,,
,야장타입: 루프탑,,,,,
,분위기: 데이트,,,,,
,주류종류: 와인,,,,,
,한줄리뷰: 17층 루프탑 야경 멋짐,,,,,
,주소: 서울 서초구 서초대로 264,,,,,
,위도: 37.4924551725244,,,,,
,경도: 127.010724340725,,,,,
,네이버지도URL: https://m.place.naver.com/place/1183196193/home,,,,,
,POINT (127.039012 37.657193),,,,,
,야장타입: 정보없음,,,,,
,분위기: 데이트,,,,,
,주류종류: 와인,,,,,
,한줄리뷰: 쌍문 테라스에서 여유로운 데이트,,,,,
,주소: 서울 도봉구 해등로 158-1,,,,,
,위도: 37.6571933823998,,,,,
,경도: 127.039011898396,,,,,
,네이버지도URL: https://m.place.naver.com/place/1708415707/home,,,,,
,POINT (127.025051 37.504339),,,,,
,야장타입: 루프탑,,,,,
,분위기: 데이트,,,,,
,주류종류: 칵테일,,,,,
,한줄리뷰: 16층 루프탑 테라스 멋진 강남 야경,,,,,
,주소: 서울 강남구 강남대로 470,,,,,
,위도: 37.504339079125394,,,,,
,경도: 127.02505080057104,,,,,
,네이버지도URL: https://m.place.naver.com/place/1488226670/home,,,,,
,POINT (127.024967 37.508195),,,,,
,야장타입: 매장,,,,,
,분위기: 소소한,,,,,
,주류종류: 소주,,,,,
,한줄리뷰: 논현동 먹자골목 야장 포차,,,,,
,주소: 서울 강남구 강남대로122길 24,,,,,
,위도: 37.50819539882559,,,,,
,경도: 127.02496726270263,,,,,
,네이버지도URL: https://m.place.naver.com/place/1512004347/home,,,,,
,POINT (126.865681 37.501301),,,,,
,야장타입: 루프탑,,,,,
,분위기: 소소한,,,,,
,주류종류: 소주,,,,,
,한줄리뷰: 고척돔 루프탑 야외 돼지고기 구이 맛집,,,,,
,주소: 서울 구로구 경인로47길 44-1,,,,,
,위도: 37.5013010642808,,,,,
,경도: 126.865681158266,,,,,
,네이버지도URL: https://m.place.naver.com/place/1874288873/home,,,,,
,POINT (126.990474 37.565847),,,,,
,야장타입: 루프탑,,,,,
,분위기: 소소한,,,,,
,주류종류: 소주,,,,,
,한줄리뷰: 을지로3가 옥상 바베큐 야장 분위기,,,,,
,주소: 서울 중구 을지로 112-1,,,,,
,위도: 37.565847266782,,,,,
,경도: 126.990474006135,,,,,
,네이버지도URL: https://m.place.naver.com/place/2021614070/home,,,,,
,POINT (127.006808 37.532996),,,,,
,야장타입: 매장,,,,,
,분위기: 데이트,,,,,
,주류종류: 칵테일,,,,,
,한줄리뷰: 트렌디한 분위기,,,,,
,주소: 서울 용산구 독서당로 53,,,,,
,위도: 37.532996146130394,,,,,
,경도: 127.0068075991984,,,,,
,네이버지도URL: https://m.place.naver.com/place/1689266518/home,,,,,
,POINT (126.998669 37.566026),,,,,
,야장타입: 매장,,,,,
,분위기: 왁자지껄,,,,,
,주류종류: 소주,,,,,
,한줄리뷰: 을지로4가 야외테이블,,,,,
,주소: 서울 중구 을지로 186-12,,,,,
,위도: 37.5660260408054,,,,,
,경도: 126.998668893112,,,,,
,네이버지도URL: https://m.place.naver.com/place/1147948450/home,,,,,
,POINT (126.979694 37.558718),,,,,
,야장타입: 루프탑,,,,,
,분위기: 데이트,,,,,
,주류종류: 와인,,,,,
,한줄리뷰: 남대문 야외테라스,,,,,
,주소: 서울 중구 퇴계로8길 16,,,,,
,위도: 37.5587181207682,,,,,
,경도: 126.979693548499,,,,,
,네이버지도URL: https://m.place.naver.com/place/1837613576/home,,,,,
,POINT (127.094944 37.541588),,,,,
,야장타입: 루프탑,,,,,
,분위기: 소소한,,,,,
,주류종류: 소주,,,,,
,한줄리뷰: 루프탑 셀프바베큐,,,,,
,주소: 서울 광진구 광나루로 604,,,,,
,위도: 37.541587956279,,,,,
,경도: 127.09494391008,,,,,
,네이버지도URL: https://m.map.naver.com/search?query=%EC%84%9C%EC%9A%B8%20%ED%85%8C%EB%9D%BC%EC%8A%A459%EB%B0%94%EB%B2%A0%ED%81%90,,,,,
,POINT (126.991262 37.565649),,,,,
,야장타입: 루프탑,,,,,
,분위기: 데이트,,,,,
,주류종류: 칵테일,,,,,
,한줄리뷰: 을지로 힙지로의 감성을 담은 루프탑 바로 트렌디한 분위기,,,,,
,주소: 서울 중구 을지로12길 11,,,,,
,위도: 37.5656491085916,,,,,
,경도: 126.99126182535,,,,,
,네이버지도URL: https://m.place.naver.com/place/1445744498/home,,,,,
,POINT (126.871673 37.546313),,,,,
,야장타입: 루프탑,,,,,
,분위기: 데이트,,,,,
,주류종류: 정보없음,,,,,
,한줄리뷰: 염창역 루프탑,,,,,
,주소: 서울 양천구 목동중앙본로 122,,,,,
,위도: 37.5463127694482,,,,,
,경도: 126.871672574189,,,,,
,네이버지도URL: https://m.place.naver.com/place/949856667/home,,,,,
,POINT (126.980077 37.486724),,,,,
,야장타입: 노포,,,,,
,분위기: 소소한,,,,,
,주류종류: 소주,,,,,
,한줄리뷰: 명동 골목 대나무 평상,,,,,
,주소: 서울 동작구 동작대로27나길 34,,,,,
,위도: 37.4867235704266,,,,,
,경도: 126.980077135661,,,,,
,네이버지도URL: https://m.place.naver.com/place/11571337/home,,,,,
,POINT (126.990858 37.573001),,,,,
,야장타입: 노포,,,,,
,분위기: 소소한,,,,,
,주류종류: 소주,,,,,
,한줄리뷰: 돈화문로 야외 고깃집,,,,,
,주소: 서울 종로구 돈화문로11나길 3,,,,,
,위도: 37.5730012014464,,,,,
,경도: 126.990857974705,,,,,
,네이버지도URL: https://m.place.naver.com/place/19411645/home,,,,,
,POINT (127.125033 37.50041),,,,,
,야장타입: 루프탑,,,,,
,분위기: 데이트,,,,,
,주류종류: 소주,,,,,
,한줄리뷰: 낙산공원 꼭대기 야외테라스 노을 예쁜 한식 야장,,,,,
,주소: 서울 송파구 양재대로66길 33,,,,,
,위도: 37.5004102526538,,,,,
,경도: 127.12503254353,,,,,
,네이버지도URL: https://m.place.naver.com/place/1241532707/home,,,,,
,POINT (127.004446 37.570374),,,,,
,야장타입: 노포,,,,,
,분위기: 소소한,,,,,
,주류종류: 소주,,,,,
,한줄리뷰: 종로 야외 평상의 오래된 단골 감성 야장,,,,,
,주소: 서울 종로구 종로40가길 39,,,,,
,위도: 37.570374169805,,,,,
,경도: 127.004446336564,,,,,
,네이버지도URL: https://m.place.naver.com/place/1300124243/home,,,,,
,POINT (126.919248 37.548498),,,,,
,야장타입: 루프탑,,,,,
,분위기: 데이트,,,,,
,주류종류: 소주,,,,,
,한줄리뷰: 종로3가 돈화문로 루프탑 호프,,,,,
,주소: 서울 마포구 양화로6길 91,,,,,
,위도: 37.5484983644216,,,,,
,경도: 126.9192481275,,,,,
,네이버지도URL: https://m.place.naver.com/place/1596260958/home,,,,,
,POINT (126.985176 37.571725),,,,,
,야장타입: 매장,,,,,
,분위기: 왁자지껄,,,,,
,주류종류: 소주,,,,,
,한줄리뷰: 서울 대표 포장마차 거리,,,,,
,주소: 서울 종로구 인사동3길 32,,,,,
,위도: 37.57172481565081,,,,,
,경도: 126.98517559189975,,,,,
,네이버지도URL: https://m.place.naver.com/place/2001037378/home,,,,,
,POINT (126.920298 37.556573),,,,,
,야장타입: 매장,,,,,
,분위기: 소소한,,,,,
,주류종류: 소주,,,,,
,한줄리뷰: 영등포 포차거리 야외평상,,,,,
,주소: 서울 마포구 월드컵북로 18,,,,,
,위도: 37.5565729193285,,,,,
,경도: 126.920297601582,,,,,
,네이버지도URL: https://m.place.naver.com/place/1712238389/home,,,,,
,POINT (127.108615 37.617846),,,,,
,야장타입: 루프탑,,,,,
,분위기: 데이트,,,,,
,주류종류: 정보없음,,,,,
,한줄리뷰: 야외 테라스+루프탑,,,,,
,주소: 서울 중랑구 신내역로1길 127-11,,,,,
,위도: 37.6178461752721,,,,,
,경도: 127.108614809662,,,,,
,네이버지도URL: https://m.place.naver.com/place/36998529/home,,,,,
,POINT (127.007003 37.506017),,,,,
,야장타입: 루프탑,,,,,
,분위기: 데이트,,,,,
,주류종류: 소주,,,,,
,한줄리뷰: 반포 옥상 고기집,,,,,
,주소: 서울 서초구 신반포로 194,,,,,
,위도: 37.5060173976552,,,,,
,경도: 127.007003071366,,,,,
,네이버지도URL: https://m.place.naver.com/place/20354964/home,,,,,
,POINT (126.935412 37.558837),,,,,
,야장타입: 루프탑,,,,,
,분위기: 소소한,,,,,
,주류종류: 소주,,,,,
,한줄리뷰: 고속터미널 10층 루프탑 삼겹살,,,,,
,주소: 서울 서대문구 연세로11길 25,,,,,
,위도: 37.55883735079631,,,,,
,경도: 126.93541243691124,,,,,
,네이버지도URL: https://m.place.naver.com/place/11828149/home,,,,,
,POINT (126.969218 37.579887),,,,,
,야장타입: 매장,,,,,
,분위기: 왁자지껄,,,,,
,주류종류: 소주,,,,,
,한줄리뷰: 서촌 거리 평상에서 소주와 안주,,,,,
,주소: 서울 종로구 자하문로7길 59,,,,,
,위도: 37.57988654548199,,,,,
,경도: 126.96921810876866,,,,,
,네이버지도URL: https://m.place.naver.com/place/1242824328/home,,,,,
,POINT (127.00638 37.570259),,,,,
,야장타입: 매장,,,,,
,분위기: 왁자지껄,,,,,
,주류종류: 소주,,,,,
,한줄리뷰: 영등포시장 야장 고기 파전 뜨거운,,,,,
,주소: 서울 종로구 종로40가길 5,,,,,
,위도: 37.57025875375017,,,,,
,경도: 127.00637971338996,,,,,
,네이버지도URL: https://m.place.naver.com/place/11619310/home,,,,,
,POINT (126.920291 37.545806),,,,,
,야장타입: 노포,,,,,
,분위기: 소소한,,,,,
,주류종류: 소주,,,,,
,한줄리뷰: 당인동 마당 평상,,,,,
,주소: 서울 마포구 와우산로3길 48-3,,,,,
,위도: 37.5458059879061,,,,,
,경도: 126.92029096074712,,,,,
,네이버지도URL: https://m.place.naver.com/place/1569635151/home,,,,,
,POINT (127.05994 37.546079),,,,,
,야장타입: 노포,,,,,
,분위기: 소소한,,,,,
,주류종류: 소주,,,,,
,한줄리뷰: 성수 야장 마니아 성지 평상 닭볶음탕 소주 노포감성,,,,,
,주소: 서울 성동구 아차산로11길 27,,,,,
,위도: 37.54607896717668,,,,,
,경도: 127.05994042247526,,,,,
,네이버지도URL: https://m.place.naver.com/place/1750296911/home,,,,,
,POINT (127.003599 37.5661),,,,,
,야장타입: 노포,,,,,
,분위기: 소소한,,,,,
,주류종류: 소주,,,,,
,한줄리뷰: 조일식품 앞 야외 테이블,,,,,
,주소: 서울 중구 을지로38길 14,,,,,
,위도: 37.5660998751199,,,,,
,경도: 127.00359942524,,,,,
,네이버지도URL: https://m.map.naver.com/search?query=%EC%84%9C%EC%9A%B8%20%EB%8F%99%EB%8C%80%EB%AC%B8%20%EC%A1%B0%EC%9D%BC%EC%8B%9D%ED%92%88,,,,,
,POINT (126.987175 37.538593),,,,,
,야장타입: 매장,,,,,
,분위기: 소소한,,,,,
,주류종류: 소주,,,,,
,한줄리뷰: 이태원 슈퍼 앞 마당 소주와 안주 소소한 야장,,,,,
,주소: 서울 용산구 녹사평대로 234,,,,,
,위도: 37.53859266194441,,,,,
,경도: 126.98717468779111,,,,,
,네이버지도URL: https://m.place.naver.com/place/18727430/home,,,,,
,POINT (126.967398 37.544699),,,,,
,야장타입: 루프탑,,,,,
,분위기: 데이트,,,,,
,주류종류: 소주,,,,,
,한줄리뷰: 성수 연무장길 루프탑 한식안주 소주 맛집 데이트,,,,,
,주소: 서울 용산구 청파로47길 53,,,,,
,위도: 37.544698537257,,,,,
,경도: 126.967398306099,,,,,
,네이버지도URL: https://m.place.naver.com/place/1863460923/home,,,,,
,POINT (127.003565 37.508782),,,,,
,야장타입: 노포,,,,,
,분위기: 소소한,,,,,
,주류종류: 소주,,,,,
,한줄리뷰: 반포한강 근처 옛날 실내포차 스타일 야외 치킨과 수제비,,,,,
,주소: 서울 서초구 신반포로23길 30,,,,,
,위도: 37.5087818347685,,,,,
,경도: 127.003565002416,,,,,
,네이버지도URL: https://m.place.naver.com/place/18272769/home,,,,,
,POINT (126.971485 37.576396),,,,,
,야장타입: 매장,,,,,
,분위기: 소소한,,,,,
,주류종류: 소주,,,,,
,한줄리뷰: 서촌 테라스에서 해산물과 소주,,,,,
,주소: 서울 종로구 자하문로1길 15,,,,,
,위도: 37.576395762477766,,,,,
,경도: 126.97148477885403,,,,,
,네이버지도URL: https://m.place.naver.com/place/1568185069/home,,,,,
,POINT (126.928644 37.525696),,,,,
,야장타입: 매장,,,,,
,분위기: 데이트,,,,,
,주류종류: 칵테일,,,,,
,한줄리뷰: 서순라길 테라스에 타코와 칵테일,,,,,
,주소: 서울 영등포구 여의대로 108,,,,,
,위도: 37.52569649551099,,,,,
,경도: 126.92864426646781,,,,,
,네이버지도URL: https://m.place.naver.com/place/1613628198/home,,,,,
,POINT (126.93402 37.55562),,,,,
,야장타입: 매장,,,,,
,분위기: 소소한,,,,,
,주류종류: 소주,,,,,
,한줄리뷰: 영등포중앙금융센터 근방 골목 평상,,,,,
,주소: 서울 마포구 신촌로14길 5,,,,,
,위도: 37.5556200206938,,,,,
,경도: 126.934019783281,,,,,
,네이버지도URL: https://m.place.naver.com/place/1494647066/home,,,,,
,POINT (127.047552 37.525299),,,,,
,야장타입: 루프탑,,,,,
,분위기: 데이트,,,,,
,주류종류: 칵테일,,,,,
,한줄리뷰: 루프탑 야외테라스 분위기 최고,,,,,
,주소: 서울 강남구 도산대로81길 13,,,,,
,위도: 37.5252985222721,,,,,
,경도: 127.047552137652,,,,,
,네이버지도URL: https://m.place.naver.com/place/1825152608/home,,,,,
,POINT (126.973171 37.543749),,,,,
,야장타입: 루프탑,,,,,
,분위기: 데이트,,,,,
,주류종류: 소주,,,,,
,한줄리뷰: 남영동 테라스 루프탑 야장,,,,,
,주소: 서울 용산구 한강대로84길 11,,,,,
,위도: 37.5437485345888,,,,,
,경도: 126.973170790419,,,,,
,네이버지도URL: https://m.place.naver.com/place/35567968/home,,,,,
,POINT (126.970639 37.530006),,,,,
,야장타입: 루프탑,,,,,
,분위기: 데이트,,,,,
,주류종류: 칵테일,,,,,
,한줄리뷰: 용리단길 루프탑 수제버거 맛집. 넉넉한 야외 좌석.,,,,,
,주소: 서울 용산구 한강대로40길 26,,,,,
,위도: 37.530005873331625,,,,,
,경도: 126.97063922895882,,,,,
,네이버지도URL: https://m.place.naver.com/place/1465931704/home,,,,,
,POINT (126.984142 37.575264),,,,,
,야장타입: 노포,,,,,
,분위기: 소소한,,,,,
,주류종류: 소주,,,,,
,한줄리뷰: 삼청동 누룩막걸리 평상,,,,,
,주소: 서울 종로구 인사동16길 13,,,,,
,위도: 37.5752637892758,,,,,
,경도: 126.984142475909,,,,,
,네이버지도URL: https://m.place.naver.com/place/35701467/home,,,,,
,POINT (126.982209 37.562662),,,,,
,야장타입: 매장,,,,,
,분위기: 소소한,,,,,
,주류종류: 소주,,,,,
,한줄리뷰: 청계천 옆 공원 야외 포차,,,,,
,주소: 서울 중구 남대문로 60-5,,,,,
,위도: 37.5626621896615,,,,,
,경도: 126.98220856438,,,,,
,네이버지도URL: https://m.place.naver.com/place/1799022210/home,,,,,
,POINT (127.076659 37.595029),,,,,
,야장타입: 매장,,,,,
,분위기: 소소한,,,,,
,주류종류: 소주,,,,,
,한줄리뷰: 중랑역 골목 포장마차거리 평상,,,,,
,주소: 서울 중랑구 중화동 73-7,,,,,
,위도: 37.5950293722299,,,,,
,경도: 127.076658922909,,,,,
,네이버지도URL: https://map.naver.com/p/entry/subway-station/1316,,,,,
,POINT (126.965054 37.565316),,,,,
,야장타입: 루프탑,,,,,
,분위기: 데이트,,,,,
,주류종류: 소주,,,,,
,한줄리뷰: 홍콩감성 루프탑 테라스,,,,,
,주소: 서울 서대문구 충정로11길 21-4,,,,,
,위도: 37.5653162974913,,,,,
,경도: 126.965054248723,,,,,
,네이버지도URL: https://m.place.naver.com/place/1168775766/home,,,,,
,POINT (127.011022 37.58647),,,,,
,야장타입: 루프탑,,,,,
,분위기: 데이트,,,,,
,주류종류: 칵테일,,,,,
,한줄리뷰: 종로 루프탑 야장,,,,,
,주소: 서울 성북구 삼선교로16길 35,,,,,
,위도: 37.58646999906973,,,,,
,경도: 127.01102199720422,,,,,
,네이버지도URL: https://m.place.naver.com/place/1824499606/home,,,,,
,POINT (126.924121 37.485045),,,,,
,야장타입: 루프탑,,,,,
,분위기: 데이트,,,,,
,주류종류: 와인,,,,,
,한줄리뷰: 도림천과 넓은 하늘을 볼 수 있는 신림 최고의 루프탑 카페,,,,,
,주소: 서울 관악구 관천로 71-1,,,,,
,위도: 37.485044830857,,,,,
,경도: 126.92412069161948,,,,,
,네이버지도URL: https://m.place.naver.com/place/1918745789/home,,,,,
,POINT (126.989397 37.561623),,,,,
,야장타입: 루프탑,,,,,
,분위기: 데이트,,,,,
,주류종류: 칵테일,,,,,
,한줄리뷰: 이비스 21층 루프탑,,,,,
,주소: 서울 중구 삼일대로 302,,,,,
,위도: 37.5616233039812,,,,,
,경도: 126.989397044657,,,,,
,네이버지도URL: https://m.place.naver.com/place/36836050/home,,,,,
,POINT (126.996012 37.533737),,,,,
,야장타입: 루프탑,,,,,
,분위기: 왁자지껄,,,,,
,주류종류: 칵테일,,,,,
,한줄리뷰: 이태원 루프탑에서 디스코 파티,,,,,
,주소: 서울 용산구 우사단로 40,,,,,
,위도: 37.53373689783812,,,,,
,경도: 126.99601179582436,,,,,
,네이버지도URL: https://m.place.naver.com/place/1880003662/home,,,,,
,POINT (126.989973 37.565771),,,,,
,야장타입: 루프탑,,,,,
,분위기: 데이트,,,,,
,주류종류: 와인,,,,,
,한줄리뷰: 루프탑에서 도시 야경 감상하며 삼겹살 구워먹는 낭만,,,,,
,주소: 서울 중구 수표로 52,,,,,
,위도: 37.5657706406008,,,,,
,경도: 126.989972588736,,,,,
,네이버지도URL: https://m.place.naver.com/place/1889242617/home,,,,,
,POINT (126.970105 37.576753),,,,,
,야장타입: 노포,,,,,
,분위기: 소소한,,,,,
,주류종류: 소주,,,,,
,한줄리뷰: 서촌 골목 마당 바베큐와 소주,,,,,
,주소: 서울 종로구 자하문로1길 42,,,,,
,위도: 37.5767531158103,,,,,
,경도: 126.970104666408,,,,,
,네이버지도URL: https://m.place.naver.com/place/35886367/home,,,,,
,POINT (126.988883 37.579566),,,,,
,야장타입: 루프탑,,,,,
,분위기: 데이트,,,,,
,주류종류: 정보없음,,,,,
,한줄리뷰: 북촌 루프탑 창덕궁뷰,,,,,
,주소: 서울 종로구 창덕궁길 47-7,,,,,
,위도: 37.5795656775501,,,,,
,경도: 126.988882792278,,,,,
,네이버지도URL: https://m.map.naver.com/search?query=%EC%84%9C%EC%9A%B8%20%EC%B9%B4%ED%8E%98%20%EC%83%81%EA%B5%AD%20%EC%B0%BD%EB%8D%95%EA%B6%81,,,,,
,POINT (126.892063 37.515472),,,,,
,야장타입: 노포,,,,,
,분위기: 왁자지껄,,,,,
,주류종류: 소주,,,,,
,한줄리뷰: 문래동 넓은 야외,,,,,
,주소: 서울 영등포구 도림로 461,,,,,
,위도: 37.5154720829091,,,,,
,경도: 126.892063101465,,,,,
,네이버지도URL: https://m.place.naver.com/place/35179976/home,,,,,
,POINT (126.997227 37.56825),,,,,
,야장타입: 노포,,,,,
,분위기: 소소한,,,,,
,주류종류: 소주,,,,,
,한줄리뷰: 창경궁로 야외 전주식당 포차 분위기 야장 베스트,,,,,
,주소: 서울 중구 창경궁로 67-13,,,,,
,위도: 37.56824967351818,,,,,
,경도: 126.99722677821377,,,,,
,네이버지도URL: https://m.place.naver.com/place/19885778/home,,,,,
,POINT (127.05994 37.546079),,,,,
,야장타입: 노포,,,,,
,분위기: 소소한,,,,,
,주류종류: 소주,,,,,
,한줄리뷰: 성수동 주민 아지트,,,,,
,주소: 서울 성동구 아차산로11길 27,,,,,
,위도: 37.54607896717668,,,,,
,경도: 127.05994042247526,,,,,
,네이버지도URL: https://m.place.naver.com/place/1404479690/home,,,,,
,POINT (126.973171 37.543749),,,,,
,야장타입: 루프탑,,,,,
,분위기: 데이트,,,,,
,주류종류: 칵테일,,,,,
,한줄리뷰: 남영동 루프탑 룸 야장,,,,,
,주소: 서울 용산구 한강대로84길 11,,,,,
,위도: 37.5437485345888,,,,,
,경도: 126.973170790419,,,,,
,네이버지도URL: https://m.place.naver.com/place/35567968/home,,,,,
,POINT (126.982209 37.562662),,,,,
,야장타입: 노포,,,,,
,분위기: 소소한,,,,,
,주류종류: 소주,,,,,
,한줄리뷰: 남대문로 야외테이블에 막창과 소주,,,,,
,주소: 서울 중구 남대문로 60-5,,,,,
,위도: 37.5626621896615,,,,,
,경도: 126.98220856438,,,,,
,네이버지도URL: https://m.place.naver.com/place/1799022210/home,,,,,
,POINT (126.988323 37.539102),,,,,
,야장타입: 루프탑,,,,,
,분위기: 왁자지껄,,,,,
,주류종류: 칵테일,,,,,
,한줄리뷰: 이태원 루프탑 야외 칵테일 파티 왁자지껄 분위기,,,,,
,주소: 서울 용산구 녹사평대로54길 20,,,,,
,위도: 37.53910184618186,,,,,
,경도: 126.98832305936736,,,,,
,네이버지도URL: https://m.place.naver.com/place/1220688438/home,,,,,
,POINT (126.993828 37.533219),,,,,
,야장타입: 노포,,,,,
,분위기: 소소한,,,,,
,주류종류: 소주,,,,,
,한줄리뷰: 이태원 골목 야외테이블에 한상차림 안주와 소주 단골감성,,,,,
,주소: 서울 용산구 이태원로26길 29,,,,,
,위도: 37.5332187283326,,,,,
,경도: 126.993828226027,,,,,
,네이버지도URL: https://m.place.naver.com/place/1880003662/home,,,,,
,POINT (126.989677 37.569545),,,,,
,야장타입: 루프탑,,,,,
,분위기: 데이트,,,,,
,주류종류: 소주,,,,,
,한줄리뷰: 종로3가 한일타워 8층 옥상 열리는 천장 삼겹살,,,,,
,주소: 서울 종로구 수표로 94,,,,,
,위도: 37.5695448863891,,,,,
,경도: 126.989676644648,,,,,
,네이버지도URL: https://m.place.naver.com/place/1731506012/home,,,,,
,POINT (127.025504 37.500126),,,,,
,야장타입: 매장,,,,,
,분위기: 왁자지껄,,,,,
,주류종류: 소주,,,,,
,한줄리뷰: 강남역 서초 야장 닭발 통닭,,,,,
,주소: 서울 서초구 서초대로77길 27,,,,,
,위도: 37.5001258792062,,,,,
,경도: 127.025504014011,,,,,
,네이버지도URL: https://m.place.naver.com/place/1321642805/home,,,,,
,POINT (127.041718 37.689888),,,,,
,야장타입: 정보없음,,,,,
,분위기: 왁자지껄,,,,,
,주류종류: 소주,,,,,
,한줄리뷰: 도봉산 야외테라스,,,,,
,주소: 서울 도봉구 도봉로191길 99-6,,,,,
,위도: 37.6898881016631,,,,,
,경도: 127.041718329646,,,,,
,네이버지도URL: https://m.place.naver.com/place/38275183/home,,,,,
,POINT (126.950727 37.479277),,,,,
,야장타입: 노포,,,,,
,분위기: 소소한,,,,,
,주류종류: 소주,,,,,
,한줄리뷰: 광화문 골목 노상 테이블,,,,,
,주소: 서울 관악구 관악로13길 25,,,,,
,위도: 37.47927714925279,,,,,
,경도: 126.9507268964839,,,,,
,네이버지도URL: https://m.place.naver.com/place/13486369/home,,,,,
,POINT (127.005616 37.532604),,,,,
,야장타입: 노포,,,,,
,분위기: 소소한,,,,,
,주류종류: 정보없음,,,,,
,한줄리뷰: 한남 강가 평상 빈대떡 막걸리,,,,,
,주소: 서울 용산구 대사관로30길 15,,,,,
,위도: 37.5326042733219,,,,,
,경도: 127.00561621167,,,,,
,네이버지도URL: https://m.place.naver.com/place/1326377701/home,,,,,
,POINT (126.829422 37.566973),,,,,
,야장타입: 루프탑,,,,,
,분위기: 데이트,,,,,
,주류종류: 와인,,,,,
,한줄리뷰: 호텔 루프탑 고급스러운 조용한 데이트,,,,,
,주소: 서울 강서구 마곡중앙12로 10,,,,,
,위도: 37.5669732015523,,,,,
,경도: 126.829421538138,,,,,
,네이버지도URL: https://m.place.naver.com/place/1424560535/home,,,,,
,POINT (127.005775 37.53268),,,,,
,야장타입: 매장,,,,,
,분위기: 소소한,,,,,
,주류종류: 소주,,,,,
,한줄리뷰: 한남동 평상 신선 꼬막과 소주,,,,,
,주소: 서울 용산구 대사관로30길 11-5,,,,,
,위도: 37.532679949778,,,,,
,경도: 127.005774611871,,,,,
,네이버지도URL: https://m.place.naver.com/place/1689266518/home,,,,,
,POINT (126.985176 37.571725),,,,,
,야장타입: 매장,,,,,
,분위기: 왁자지껄,,,,,
,주류종류: 소주,,,,,
,한줄리뷰: 종로3가역 야외 포차거리,,,,,
,주소: 서울 종로구 인사동3길 32,,,,,
,위도: 37.57172481565081,,,,,
,경도: 126.98517559189975,,,,,
,네이버지도URL: https://m.place.naver.com/place/19410665/home,,,,,
,POINT (126.991998 37.564898),,,,,
,야장타입: 노포,,,,,
,분위기: 왁자지껄,,,,,
,주류종류: 소주,,,,,
,한줄리뷰: 을지로 노가리골목 대표 야장,,,,,
,주소: 서울 중구 을지로14길 30,,,,,
,위도: 37.564897729978,,,,,
,경도: 126.991997632865,,,,,
,네이버지도URL: https://m.place.naver.com/place/13537864/home,,,,,
,POINT (126.995532 37.567333),,,,,
,야장타입: 노포,,,,,
,분위기: 데이트,,,,,
,주류종류: 소주,,,,,
,한줄리뷰: 을지로 골목 야외 평상 파전 막걸리 노포 감성,,,,,
,주소: 서울 중구 을지로 157,,,,,
,위도: 37.567333308865656,,,,,
,경도: 126.99553233783833,,,,,
,네이버지도URL: https://m.place.naver.com/place/19414197/home,,,,,
,POINT (126.907488 37.558647),,,,,
,야장타입: 매장,,,,,
,분위기: 소소한,,,,,
,주류종류: 소주,,,,,
,한줄리뷰: 중랑역 포장마차거리 야외평상,,,,,
,주소: 서울 마포구 월드컵로 117,,,,,
,위도: 37.558646682726,,,,,
,경도: 126.90748815166,,,,,
,네이버지도URL: https://m.place.naver.com/place/21230276/home,,,,,
,POINT (127.023616 37.507943),,,,,
,야장타입: 루프탑,,,,,
,분위기: 소소한,,,,,
,주류종류: 칵테일,,,,,
,한줄리뷰: 홍대 루프탑 테라스 펍,,,,,
,주소: 서울 강남구 학동로2길 56,,,,,
,위도: 37.5079433954265,,,,,
,경도: 127.023615614641,,,,,
,네이버지도URL: https://m.place.naver.com/place/1142945677/home,,,,,
,POINT (126.965262 37.475527),,,,,
,야장타입: 매장,,,,,
,분위기: 소소한,,,,,
,주류종류: 소주,,,,,
,한줄리뷰: 야외테라스 있는 낙성대 야장거리 소소함,,,,,
,주소: 서울 관악구 봉천로 614-1,,,,,
,위도: 37.47552690897514,,,,,
,경도: 126.9652622867107,,,,,
,네이버지도URL: https://m.place.naver.com/place/1584653565/home,,,,,
,POINT (126.987657 37.539385),,,,,
,야장타입: 노포,,,,,
,분위기: 소소한,,,,,
,주류종류: 소주,,,,,
,한줄리뷰: 야외 테이블에서 즐기는 편안한 야장 감성,,,,,
,주소: 서울 용산구 녹사평대로54길 7,,,,,
,위도: 37.53938469243458,,,,,
,경도: 126.98765656719875,,,,,
,네이버지도URL: https://m.place.naver.com/place/1216444925/home,,,,,
,POINT (127.054608 37.537804),,,,,
,야장타입: 노포,,,,,
,분위기: 왁자지껄,,,,,
,주류종류: 소주,,,,,
,한줄리뷰: 웨이팅을 견디게 하는 푸짐한 야외 바베큐,,,,,
,주소: 서울 성동구 성수이로 30-3,,,,,
,위도: 37.5378040702262,,,,,
,경도: 127.05460798425395,,,,,
,네이버지도URL: https://m.map.naver.com/search?query=%EC%84%9C%EC%9A%B8%20%EB%9A%9D%EC%84%AC%20%EB%9A%9D%EB%8F%84%EC%A7%80%EA%B8%B0,,,,,
,POINT (126.979616 37.56827),,,,,
,야장타입: 노포,,,,,
,분위기: 소소한,,,,,
,주류종류: 소주,,,,,
,한줄리뷰: 을지로1길 종로 로컬 직장인의 감성이 살아 숨쉬는 야장,,,,,
,주소: 서울 중구 을지로1길 47,,,,,
,위도: 37.56827047127497,,,,,
,경도: 126.97961624834933,,,,,
,네이버지도URL: https://m.place.naver.com/place/13475829/home,,,,,
,POINT (127.00422 37.645693),,,,,
,야장타입: 노포,,,,,
,분위기: 소소한,,,,,
,주류종류: 소주,,,,,
,한줄리뷰: 4.19로 야외 가든 포차 한강 야장 베스트,,,,,
,주소: 서울 강북구 4.19로12길 75,,,,,
,위도: 37.6456933045111,,,,,
,경도: 127.004219669737,,,,,
,네이버지도URL: https://m.place.naver.com/place/36932228/home,,,,,
,POINT (126.968096 37.572954),,,,,
,야장타입: 루프탑,,,,,
,분위기: 소소한,,,,,
,주류종류: 칵테일,,,,,
,한줄리뷰: 경희궁 근처 루프탑 카페로 조용하고 여유로운 분위기,,,,,
,주소: 서울 종로구 경희궁3길 3-5,,,,,
,위도: 37.5729539965698,,,,,
,경도: 126.968095755928,,,,,
,네이버지도URL: https://m.place.naver.com/place/1755310639/home,,,,,
,POINT (126.976671 37.568437),,,,,
,야장타입: 루프탑,,,,,
,분위기: 데이트,,,,,
,주류종류: 와인,,,,,
,한줄리뷰: 광화문 코리아나 호텔 루프탑,,,,,
,주소: 서울 중구 세종대로 135,,,,,
,위도: 37.5684366101967,,,,,
,경도: 126.97667092104,,,,,
,네이버지도URL: https://m.place.naver.com/place/1398069830/home,,,,,
,POINT (126.991121 37.572745),,,,,
,야장타입: 루프탑,,,,,
,분위기: 소소한,,,,,
,주류종류: 정보없음,,,,,
,한줄리뷰: 구디 꼭대기 루프탑 테라스 시원한 야외 분위기,,,,,
,주소: 서울 종로구 돈화문로11길 6,,,,,
,위도: 37.5727453389208,,,,,
,경도: 126.991120628889,,,,,
,네이버지도URL: https://m.place.naver.com/place/1596260958/home,,,,,
,POINT (126.985009 37.545214),,,,,
,야장타입: 루프탑,,,,,
,분위기: 데이트,,,,,
,주류종류: 와인,,,,,
,한줄리뷰: 해방촌 야외테라스 브런치 와인,,,,,
,주소: 서울 용산구 신흥로 95-13,,,,,
,위도: 37.54521385372382,,,,,
,경도: 126.9850088431997,,,,,
,네이버지도URL: https://m.place.naver.com/place/1136070013/home,,,,,
,POINT (127.015027 37.572547),,,,,
,야장타입: 노포,,,,,
,분위기: 소소한,,,,,
,주류종류: 소주,,,,,
,한줄리뷰: 동묘앞역2번출구 골목 야외,,,,,
,주소: 서울 종로구 종로 336,,,,,
,위도: 37.5725473985236,,,,,
,경도: 127.01502719776813,,,,,
,네이버지도URL: https://m.place.naver.com/place/1438277516/home,,,,,
,POINT (126.920609 37.549898),,,,,
,야장타입: 루프탑,,,,,
,분위기: 소소한,,,,,
,주류종류: 칵테일,,,,,
,한줄리뷰: 하얀 모래 루프탑,,,,,
,주소: 서울 마포구 독막로9길 38,,,,,
,위도: 37.54989781700859,,,,,
,경도: 126.92060912359968,,,,,
,네이버지도URL: https://m.place.naver.com/place/1353029374/home,,,,,
,POINT (126.991255 37.57287),,,,,
,야장타입: 매장,,,,,
,분위기: 소소한,,,,,
,주류종류: 소주,,,,,
,한줄리뷰: 돈화문로 야외 갈매기살 구이,,,,,
,주소: 서울 종로구 돈화문로 49,,,,,
,위도: 37.572869686283,,,,,
,경도: 126.99125532179,,,,,
,네이버지도URL: https://m.place.naver.com/place/12811371/home,,,,,
,POINT (126.984174 37.575221),,,,,
,야장타입: 노포,,,,,
,분위기: 데이트,,,,,
,주류종류: 소주,,,,,
,한줄리뷰: 인사동 한옥 야장 테이블2개,,,,,
,주소: 서울 종로구 인사동16길 11-1,,,,,
,위도: 37.5752205457894,,,,,
,경도: 126.984174181996,,,,,
,네이버지도URL: https://m.place.naver.com/place/1967078079/home,,,,,
,POINT (127.008537 37.534394),,,,,
,야장타입: 루프탑,,,,,
,분위기: 소소한,,,,,
,주류종류: 정보없음,,,,,
,한줄리뷰: 북촌 한옥 루프탑 베이커리,,,,,
,주소: 서울 용산구 한남대로18길 22,,,,,
,위도: 37.534394387317676,,,,,
,경도: 127.00853652897942,,,,,
,네이버지도URL: https://m.place.naver.com/place/1830211600/home,,,,,
,POINT (126.893677 37.545329),,,,,
,야장타입: 루프탑,,,,,
,분위기: 데이트,,,,,
,주류종류: 소주,,,,,
,한줄리뷰: 한강뷰 야외 테라스,,,,,
,주소: 서울 영등포구 노들로 111,,,,,
,위도: 37.5453291179695,,,,,
,경도: 126.893676701713,,,,,
,네이버지도URL: https://m.place.naver.com/place/1269648930/home,,,,,
,POINT (126.985176 37.571725),,,,,
,야장타입: 매장,,,,,
,분위기: 왁자지껄,,,,,
,주류종류: 소주,,,,,
,한줄리뷰: 서울 야장 포차의 대표,,,,,
,주소: 서울 종로구 인사동3길 32,,,,,
,위도: 37.57172481565081,,,,,
,경도: 126.98517559189975,,,,,
,네이버지도URL: https://m.place.naver.com/place/19410665/home,,,,,
,POINT (127.001109 37.571331),,,,,
,야장타입: 매장,,,,,
,분위기: 소소한,,,,,
,주류종류: 소주,,,,,
,한줄리뷰: 대학로 골목 야외슈퍼 포차 감성 한강 야장 추천,,,,,
,주소: 서울 종로구 대학로1길 11,,,,,
,위도: 37.571331105319985,,,,,
,경도: 127.00110933441542,,,,,
,네이버지도URL: https://m.place.naver.com/place/1252905037/home,,,,,
,POINT (127.10524 37.594612),,,,,
,야장타입: 노포,,,,,
,분위기: 소소한,,,,,
,주류종류: 정보없음,,,,,
,한줄리뷰: 야외쉼터,,,,,
,주소: 서울 중랑구 망우로70길 118,,,,,
,위도: 37.59461181393687,,,,,
,경도: 127.10523953704342,,,,,
,네이버지도URL: https://m.place.naver.com/place/1468394287/home,,,,,
,POINT (127.025353 37.500796),,,,,
,야장타입: 루프탑,,,,,
,분위기: 데이트,,,,,
,주류종류: 칵테일,,,,,
,한줄리뷰: 야장 분위기 좋고 루프탑 확인,,,,,
,주소: 서울 서초구 서초대로77길 35,,,,,
,위도: 37.50079626026492,,,,,
,경도: 127.02535270032543,,,,,
,네이버지도URL: https://m.place.naver.com/place/1689752307/home,,,,,
,POINT (127.001313 37.570093),,,,,
,야장타입: 루프탑,,,,,
,분위기: 데이트,,,,,
,주류종류: 칵테일,,,,,
,한줄리뷰: 광장시장 시크릿 루프탑 테라스,,,,,
,주소: 서울 종로구 종로32길 21,,,,,
,위도: 37.5700931356741,,,,,
,경도: 127.001313067983,,,,,
,네이버지도URL: https://m.place.naver.com/place/1699850010/home,,,,,
,POINT (127.024406 37.641471),,,,,
,야장타입: 노포,,,,,
,분위기: 소소한,,,,,
,주류종류: 소주,,,,,
,한줄리뷰: 야외테이블에 저렴한 안주와 소주,,,,,
,주소: 서울 강북구 한천로 1063-1,,,,,
,위도: 37.641470645884,,,,,
,경도: 127.024405623134,,,,,
,네이버지도URL: https://m.place.naver.com/place/1747215982/home,,,,,
,POINT (127.005322 37.532773),,,,,
,야장타입: 매장,,,,,
,분위기: 왁자지껄,,,,,
,주류종류: 소주,,,,,
,한줄리뷰: 한남동 거리 야외테이블 안주와 소주,,,,,
,주소: 서울 용산구 대사관로30길 6-11,,,,,
,위도: 37.5327727741479,,,,,
,경도: 127.005322062678,,,,,
,네이버지도URL: https://m.place.naver.com/place/1219032244/home,,,,,
,POINT (127.0841 37.510035),,,,,
,야장타입: 매장,,,,,
,분위기: 데이트,,,,,
,주류종류: 와인,,,,,
,한줄리뷰: 잠실새내 야장 와인바,,,,,
,주소: 서울 송파구 백제고분로9길 45,,,,,
,위도: 37.510034980486,,,,,
,경도: 127.084100166967,,,,,
,네이버지도URL: https://m.map.naver.com/search?query=%EC%84%9C%EC%9A%B8%20%EC%99%80%EC%9D%B8%EC%97%90%EB%B9%A0%EC%A7%84%EC%A0%80%ED%8C%94%EA%B3%84%20%EC%9E%A0%EC%8B%A4%EC%83%88%EB%82%B4,,,,,
,POINT (127.053829 37.542301),,,,,
,야장타입: 루프탑,,,,,
,분위기: 데이트,,,,,
,주류종류: 소주,,,,,
,한줄리뷰: 루프탑 테라스에서 즐기는 데이트 맛집. 성북동의 고즈넉한 분위기를 감상하며 식사 가능.,,,,,
,주소: 서울 성동구 성수일로4길 45,,,,,
,위도: 37.5423013181902,,,,,
,경도: 127.053829373707,,,,,
,네이버지도URL: https://m.place.naver.com/place/1723949279/home,,,,,
,POINT (126.994348 37.567543),,,,,
,야장타입: 루프탑,,,,,
,분위기: 데이트,,,,,
,주류종류: 소주,,,,,
,한줄리뷰: 청계천뷰 루프탑+넓은 테라스 치맥 최고,,,,,
,주소: 서울 중구 을지로19길 23-1,,,,,
,위도: 37.567543190147,,,,,
,경도: 126.994348340573,,,,,
,네이버지도URL: https://m.map.naver.com/search?query=%EC%84%9C%EC%9A%B8%20%EB%B9%84%EB%B9%84%ED%81%90%20%EB%B9%8C%EB%A6%AC%EC%A7%80%20%EC%B2%AD%EA%B3%84%EA%B4%91%EC%9E%A5%EC%A0%90,,,,,
,POINT (126.986483 37.577646),,,,,
,야장타입: 노포,,,,,
,분위기: 데이트,,,,,
,주류종류: 와인,,,,,
,한줄리뷰: 종로 한옥 야장,,,,,
,주소: 서울 종로구 계동길 5,,,,,
,위도: 37.577646309739876,,,,,
,경도: 126.98648309034533,,,,,
,네이버지도URL: https://m.place.naver.com/place/1313576451/home,,,,,
,POINT (127.081574 37.510127),,,,,
,야장타입: 매장,,,,,
,분위기: 소소한,,,,,
,주류종류: 소주,,,,,
,한줄리뷰: 잠실새내 골목 야장 삼겹살,,,,,
,주소: 서울 송파구 백제고분로7길 24-12,,,,,
,위도: 37.510126852825,,,,,
,경도: 127.081573507313,,,,,
,네이버지도URL: https://m.place.naver.com/place/1154645971/home,,,,,
,POINT (126.979694 37.558718),,,,,
,야장타입: 루프탑,,,,,
,분위기: 데이트,,,,,
,주류종류: 칵테일,,,,,
,한줄리뷰: 회현역 감성 루프탑,,,,,
,주소: 서울 중구 퇴계로8길 16,,,,,
,위도: 37.5587181207682,,,,,
,경도: 126.979693548499,,,,,
,네이버지도URL: https://m.place.naver.com/place/1837613576/home,,,,,
,POINT (127.004506 37.674225),,,,,
,야장타입: 노포,,,,,
,분위기: 소소한,,,,,
,주류종류: 소주,,,,,
,한줄리뷰: 삼양로 야외 마당 소소 안주 소주,,,,,
,주소: 서울 강북구 삼양로181길 253,,,,,
,위도: 37.674224679779385,,,,,
,경도: 127.00450580223782,,,,,
,네이버지도URL: https://m.place.naver.com/place/37997842/home,,,,,
,POINT (127.032311 37.515406),,,,,
,야장타입: 루프탑,,,,,
,분위기: 데이트,,,,,
,주류종류: 와인,,,,,
,한줄리뷰: 남산타워 보이는 루프탑 테라스 야경 스팟,,,,,
,주소: 서울 강남구 논현로132길 25,,,,,
,위도: 37.5154061577152,,,,,
,경도: 127.032310689425,,,,,
,네이버지도URL: https://m.place.naver.com/place/1822439748/home,,,,,
,POINT (127.033456 37.559803),,,,,
,야장타입: 매장,,,,,
,분위기: 소소한,,,,,
,주류종류: 소주,,,,,
,한줄리뷰: 왕십리 테라스 야장 해산물포차,,,,,
,주소: 서울 성동구 행당로17길 16,,,,,
,위도: 37.55980263036762,,,,,
,경도: 127.03345599158146,,,,,
,네이버지도URL: https://m.place.naver.com/place/17900252/home,,,,,
,POINT (126.99974 37.537481),,,,,
,야장타입: 루프탑,,,,,
,분위기: 데이트,,,,,
,주류종류: 와인,,,,,
,한줄리뷰: 한남동 루프탑 테라스 와인과 안주 로맨틱 데이트,,,,,
,주소: 서울 용산구 이태원로55가길 26-5,,,,,
,위도: 37.5374806227197,,,,,
,경도: 126.99973976374,,,,,
,네이버지도URL: https://m.place.naver.com/place/31840801/home,,,,,
,POINT (127.013201 37.565256),,,,,
,야장타입: 노포,,,,,
,분위기: 데이트,,,,,
,주류종류: 소주,,,,,
,한줄리뷰: 주택 개조 야장감성,,,,,
,주소: 서울 중구 퇴계로 373-3,,,,,
,위도: 37.565255859613,,,,,
,경도: 127.013201139259,,,,,
,네이버지도URL: https://m.place.naver.com/place/1029283004/home,,,,,
,POINT (127.033334 37.559529),,,,,
,야장타입: 노포,,,,,
,분위기: 소소한,,,,,
,주류종류: 소주,,,,,
,한줄리뷰: 왕십리 노포 야장에 주먹고기와 소주,,,,,
,주소: 서울 성동구 행당로17길 13,,,,,
,위도: 37.5595287618995,,,,,
,경도: 127.033333635238,,,,,
,네이버지도URL: https://m.place.naver.com/place/38009992/home,,,,,
,POINT (126.991782 37.567249),,,,,
,야장타입: 노포,,,,,
,분위기: 왁자지껄,,,,,
,주류종류: 소주,,,,,
,한줄리뷰: 을지로 노가리골목의 터줏대감,,,,,
,주소: 서울 중구 을지로13길 19,,,,,
,위도: 37.56724931479237,,,,,
,경도: 126.99178231800013,,,,,
,네이버지도URL: https://m.place.naver.com/place/1566105397/home,,,,,
,POINT (127.069651 37.578928),,,,,
,야장타입: 매장,,,,,
,분위기: 소소한,,,,,
,주류종류: 소주,,,,,
,한줄리뷰: 강남역 야외 고기구이 평상,,,,,
,주소: 서울 동대문구 사가정로 221,,,,,
,위도: 37.578927571383,,,,,
,경도: 127.06965063221,,,,,
,네이버지도URL: https://m.place.naver.com/place/1741000013/home,,,,,
,POINT (126.991592 37.567004),,,,,
,야장타입: 노포,,,,,
,분위기: 소소한,,,,,
,주류종류: 소주,,,,,
,한줄리뷰: 을지로 노포 야장 호프 노가리 아늑한 분위기,,,,,
,주소: 서울 중구 충무로9길 16,,,,,
,위도: 37.567004230532,,,,,
,경도: 126.991592184311,,,,,
,네이버지도URL: https://m.place.naver.com/place/20925498/home,,,,,
,POINT (126.921962 37.548652),,,,,
,야장타입: 노포,,,,,
,분위기: 데이트,,,,,
,주류종류: 정보없음,,,,,
,한줄리뷰: 상수동 프라이빗 야외테이블,,,,,
,주소: 서울 마포구 독막로15길 19,,,,,
,위도: 37.5486515566708,,,,,
,경도: 126.921961612301,,,,,
,네이버지도URL: https://m.place.naver.com/place/1430943747/home,,,,,
,POINT (126.877302 37.523495),,,,,
,야장타입: 루프탑,,,,,
,분위기: 소소한,,,,,
,주류종류: 소주,,,,,
,한줄리뷰: 오목교 루프탑,,,,,
,주소: 서울 양천구 신목로2길 66,,,,,
,위도: 37.52349461510561,,,,,
,경도: 126.87730230531716,,,,,
,네이버지도URL: https://m.place.naver.com/place/1840261079/home,,,,,
,POINT (127.001313 37.570093),,,,,
,야장타입: 루프탑,,,,,
,분위기: 데이트,,,,,
,주류종류: 칵테일,,,,,
,한줄리뷰: 광장시장 팝업 루프탑 테라스에서 노을뷰와 함께 칵테일 즐기기,,,,,
,주소: 서울 종로구 종로32길 21,,,,,
,위도: 37.5700931356741,,,,,
,경도: 127.001313067983,,,,,
,네이버지도URL: https://m.place.naver.com/place/1699850010/home,,,,,
,POINT (126.992425 37.533725),,,,,
,야장타입: 루프탑,,,,,
,분위기: 데이트,,,,,
,주류종류: 와인,,,,,
,한줄리뷰: 한남동 루프탑 피자 와인,,,,,
,주소: 서울 용산구 이태원로20가길 7-5,,,,,
,위도: 37.533725009249764,,,,,
,경도: 126.99242524178638,,,,,
,네이버지도URL: https://m.place.naver.com/place/38563100/home,,,,,
,POINT (127.05471 37.542863),,,,,
,야장타입: 노포,,,,,
,분위기: 소소한,,,,,
,주류종류: 소주,,,,,
,한줄리뷰: 성수 연무장길 마당 잡화점 스타일 소주 안주 소소함,,,,,
,주소: 서울 성동구 연무장길 47,,,,,
,위도: 37.542863137107425,,,,,
,경도: 127.05471011825232,,,,,
,네이버지도URL: https://m.place.naver.com/place/1825879809/home,,,,,
,POINT (127.108615 37.617846),,,,,
,야장타입: 루프탑,,,,,
,분위기: 데이트,,,,,
,주류종류: 정보없음,,,,,
,한줄리뷰: 야외테라스+루프탑,,,,,
,주소: 서울 중랑구 신내역로1길 127-11,,,,,
,위도: 37.6178461752721,,,,,
,경도: 127.108614809662,,,,,
,네이버지도URL: https://m.place.naver.com/place/36998529/home,,,,,
,POINT (126.963553 37.526169),,,,,
,야장타입: 루프탑,,,,,
,분위기: 데이트,,,,,
,주류종류: 소주,,,,,
,한줄리뷰: 용산역 근처 핫플. 2층 야외 테라스에서 즐기는 야장.,,,,,
,주소: 서울 용산구 한강대로15길 18,,,,,
,위도: 37.5261692355007,,,,,
,경도: 126.963553194003,,,,,
,네이버지도URL: https://m.place.naver.com/place/1138597040/home,,,,,
,POINT (126.99053 37.573888),,,,,
,야장타입: 루프탑,,,,,
,분위기: 데이트,,,,,
,주류종류: 와인,,,,,
,한줄리뷰: 루프탑 와인바로 야경이 은은하고 고급스러운 호텔 분위기의 데이트 명소,,,,,
,주소: 서울 종로구 돈화문로11나길 26-4,,,,,
,위도: 37.5738877545295,,,,,
,경도: 126.990529582681,,,,,
,네이버지도URL: https://m.place.naver.com/place/1050019380/home,,,,,
,POINT (126.990961 37.572777),,,,,
,야장타입: 매장,,,,,
,분위기: 왁자지껄,,,,,
,주류종류: 소주,,,,,
,한줄리뷰: 종로3가 야장 골목의 넓은 야외 테라스에서 고기와 소주 즐기기,,,,,
,주소: 서울 종로구 돈화문로11길 8-1,,,,,
,위도: 37.57277686163228,,,,,
,경도: 126.99096101374309,,,,,
,네이버지도URL: https://m.place.naver.com/place/1782749461/home,,,,,
,POINT (127.073354 37.546244),,,,,
,야장타입: 매장,,,,,
,분위기: 왁자지껄,,,,,
,주류종류: 소주,,,,,
,한줄리뷰: 건대 후문 마당에서 뜨끈한 족발과 소주 왁자지껄 야장,,,,,
,주소: 서울 광진구 능동로 173,,,,,
,위도: 37.5462443878874,,,,,
,경도: 127.073354473115,,,,,
,네이버지도URL: https://m.place.naver.com/place/36003694/home,,,,,
,POINT (127.042273 37.524539),,,,,
,야장타입: 루프탑,,,,,
,분위기: 데이트,,,,,
,주류종류: 와인,,,,,
,한줄리뷰: 청담동 테라스 야외,,,,,
,주소: 서울 강남구 선릉로152길 33,,,,,
,위도: 37.52453918283249,,,,,
,경도: 127.04227316650473,,,,,
,네이버지도URL: https://m.place.naver.com/place/1942871806/home,,,,,
,POINT (126.989006 37.566676),,,,,
,야장타입: 매장,,,,,
,분위기: 왁자지껄,,,,,
,주류종류: 소주,,,,,
,한줄리뷰: 을지로3가 낙원상가 포장마차거리,,,,,
,주소: 서울 중구 삼일대로12길 22-1,,,,,
,위도: 37.566676055503606,,,,,
,경도: 126.98900582182826,,,,,
,네이버지도URL: https://m.place.naver.com/place/1274049100/home,,,,,
,POINT (126.932273 37.622461),,,,,
,야장타입: 매장,,,,,
,분위기: 데이트,,,,,
,주류종류: 소주,,,,,
,한줄리뷰: 종로3가 돈화문로 야장 멍석,,,,,
,주소: 서울 은평구 불광로18길 9,,,,,
,위도: 37.6224609505284,,,,,
,경도: 126.93227295816853,,,,,
,네이버지도URL: https://m.place.naver.com/place/1215054949/home,,,,,
,POINT (126.994884 37.564583),,,,,
,야장타입: 노포,,,,,
,분위기: 소소한,,,,,
,주류종류: 소주,,,,,
,한줄리뷰: 을지로3가 마당식 야외 파전 막걸리 감성,,,,,
,주소: 서울 중구 마른내로 61-6,,,,,
,위도: 37.564582541655284,,,,,
,경도: 126.9948839395933,,,,,
,네이버지도URL: https://m.place.naver.com/place/1958027934/home,,,,,
,POINT (126.967908 37.577477),,,,,
,야장타입: 정보없음,,,,,
,분위기: 소소한,,,,,
,주류종류: 와인,,,,,
,한줄리뷰: 서촌 은행나무 마당 뷰 와인 낮술,,,,,
,주소: 서울 종로구 사직로9길 22,,,,,
,위도: 37.5774769385374,,,,,
,경도: 126.967908167278,,,,,
,네이버지도URL: https://m.place.naver.com/place/1142689405/home,,,,,
,POINT (126.994884 37.564583),,,,,
,야장타입: 노포,,,,,
,분위기: 소소한,,,,,
,주류종류: 소주,,,,,
,한줄리뷰: 을지로 야장,,,,,
,주소: 서울 중구 마른내로 61-6,,,,,
,위도: 37.564582541655284,,,,,
,경도: 126.9948839395933,,,,,
,네이버지도URL: https://m.place.naver.com/place/1958027934/home,,,,,
,POINT (126.986048 37.572171),,,,,
,야장타입: 노포,,,,,
,분위기: 데이트,,,,,
,주류종류: 소주,,,,,
,한줄리뷰: 인사동 골목 정원 야장,,,,,
,주소: 서울 종로구 인사동 154-7,,,,,
,위도: 37.572170914590174,,,,,
,경도: 126.98604826514199,,,,,
,네이버지도URL: https://m.place.naver.com/place/36476304/home,,,,,
,POINT (127.013201 37.565256),,,,,
,야장타입: 노포,,,,,
,분위기: 소소한,,,,,
,주류종류: 소주,,,,,
,한줄리뷰: 신당동 주택 개조 야장 삼겹살,,,,,
,주소: 서울 중구 퇴계로 373-3,,,,,
,위도: 37.565255859613,,,,,
,경도: 127.013201139259,,,,,
,네이버지도URL: https://m.place.naver.com/place/1029283004/home,,,,,
,POINT (126.893677 37.545329),,,,,
,야장타입: 매장,,,,,
,분위기: 데이트,,,,,
,주류종류: 소주,,,,,
,한줄리뷰: 한강 야경 바라보며 바베큐와 한강라면 즐기는 낭만,,,,,
,주소: 서울 영등포구 노들로 111,,,,,
,위도: 37.5453291179695,,,,,
,경도: 126.893676701713,,,,,
,네이버지도URL: https://m.place.naver.com/place/2049284802/home,,,,,
,POINT (126.985502 37.568784),,,,,
,야장타입: 매장,,,,,
,분위기: 왁자지껄,,,,,
,주류종류: 소주,,,,,
,한줄리뷰: 청계천 야장 평상 소맥과 치킨,,,,,
,주소: 서울 종로구 청계천로 71,,,,,
,위도: 37.5687840073189,,,,,
,경도: 126.985502172132,,,,,
,네이버지도URL: https://m.place.naver.com/place/1451704655/home,,,,,
,POINT (126.894345 37.512935),,,,,
,야장타입: 루프탑,,,,,
,분위기: 소소한,,,,,
,주류종류: 소주,,,,,
,한줄리뷰: 문래 옥탑 테라스에서 베트남 스타일 술과 야외석,,,,,
,주소: 서울 영등포구 경인로79길 9,,,,,
,위도: 37.512935117892,,,,,
,경도: 126.894344772022,,,,,
,네이버지도URL: https://m.place.naver.com/place/1264088331/home,,,,,
,POINT (127.031614 37.496218),,,,,
,야장타입: 매장,,,,,
,분위기: 왁자지껄,,,,,
,주류종류: 소주,,,,,
,한줄리뷰: 강남역 테헤란로 큰 야장 포차,,,,,
,주소: 서울 강남구 테헤란로6길 37,,,,,
,위도: 37.4962176385455,,,,,
,경도: 127.031613739583,,,,,
,네이버지도URL: https://m.place.naver.com/place/1049785126/home,,,,,
,POINT (126.991578 37.574965),,,,,
,야장타입: 루프탑,,,,,
,분위기: 소소한,,,,,
,주류종류: 와인,,,,,
,한줄리뷰: 옛가옥 3층 옥상 테라스 성벽뷰 와인,,,,,
,주소: 서울 종로구 서순라길 107-1,,,,,
,위도: 37.574965423667,,,,,
,경도: 126.991577704968,,,,,
,네이버지도URL: https://m.place.naver.com/place/1625747243/home,,,,,
,POINT (127.054608 37.537804),,,,,
,야장타입: 매장,,,,,
,분위기: 왁자지껄,,,,,
,주류종류: 소주,,,,,
,한줄리뷰: 뚝섬 시장 야외 평상 푸짐 안주 소주 웨이팅 가치,,,,,
,주소: 서울 성동구 성수이로 30-3,,,,,
,위도: 37.5378040702262,,,,,
,경도: 127.05460798425395,,,,,
,네이버지도URL: https://m.place.naver.com/place/1541439813/home,,,,,
,POINT (126.916401 37.532917),,,,,
,야장타입: 루프탑,,,,,
,분위기: 데이트,,,,,
,주류종류: 와인,,,,,
,한줄리뷰: 여의도 강변 루프탑에서 책과 와인,,,,,
,주소: 서울 영등포구 의사당대로 1,,,,,
,위도: 37.5329171983223,,,,,
,경도: 126.916401374707,,,,,
,네이버지도URL: https://m.place.naver.com/place/1489831691/home,,,,,
,POINT (126.985944 37.578184),,,,,
,야장타입: 노포,,,,,
,분위기: 소소한,,,,,
,주류종류: 정보없음,,,,,
,한줄리뷰: 안국역 근처 노포 야외테이블에 맥주와 안주,,,,,
,주소: 서울 종로구 북촌로2길 5-5,,,,,
,위도: 37.5781841403341,,,,,
,경도: 126.985944124174,,,,,
,네이버지도URL: https://m.place.naver.com/place/1706233643/home,,,,,
,POINT (127.005483 37.568734),,,,,
,야장타입: 노포,,,,,
,분위기: 소소한,,,,,
,주류종류: 소주,,,,,
,한줄리뷰: 을지로 골목 야외 경상도식당 포차 감성,,,,,
,주소: 서울 중구 을지로39길 41,,,,,
,위도: 37.5687343144211,,,,,
,경도: 127.00548309116995,,,,,
,네이버지도URL: https://m.place.naver.com/place/32839659/home,,,,,
,POINT (127.082136 37.50977),,,,,
,야장타입: 매장,,,,,
,분위기: 데이트,,,,,
,주류종류: 소주,,,,,
,한줄리뷰: 잠실새내 백제고분로 야외 회,,,,,
,주소: 서울 송파구 백제고분로9길 27,,,,,
,위도: 37.5097696650439,,,,,
,경도: 127.082136378165,,,,,
,네이버지도URL: https://m.place.naver.com/place/1792394895/home,,,,,
,POINT (127.005483 37.568734),,,,,
,야장타입: 노포,,,,,
,분위기: 소소한,,,,,
,주류종류: 정보없음,,,,,
,한줄리뷰: 을지로 골목 평상 연탄불 돼지갈비 노포 감성,,,,,
,주소: 서울 중구 을지로39길 41,,,,,
,위도: 37.5687343144211,,,,,
,경도: 127.00548309116995,,,,,
,네이버지도URL: https://m.place.naver.com/place/15354769/home,,,,,
,POINT (127.009384 37.553439),,,,,
,야장타입: 루프탑,,,,,
,분위기: 데이트,,,,,
,주류종류: 소주,,,,,
,한줄리뷰: 남산뷰 루프탑 테라스,,,,,
,주소: 서울 중구 다산로 101-4,,,,,
,위도: 37.553438747465,,,,,
,경도: 127.009384083048,,,,,
,네이버지도URL: https://m.place.naver.com/place/1702312024/home,,,,,
,POINT (126.898717 37.556191),,,,,
,야장타입: 매장,,,,,
,분위기: 소소한,,,,,
,주류종류: 소주,,,,,
,한줄리뷰: 망원한강공원 평상 닭갈비,,,,,
,주소: 서울 마포구 망원로 17,,,,,
,위도: 37.5561905743906,,,,,
,경도: 126.898716773674,,,,,
,네이버지도URL: https://m.place.naver.com/place/36878564/home,,,,,
,POINT (126.920262 37.547653),,,,,
,야장타입: 노포,,,,,
,분위기: 데이트,,,,,
,주류종류: 와인,,,,,
,한줄리뷰: 상수역 근처 루프탑 테라스 와인과 안주,,,,,
,주소: 서울 마포구 독막로 62,,,,,
,위도: 37.5476530156841,,,,,
,경도: 126.92026183526,,,,,
,네이버지도URL: https://m.place.naver.com/place/1287080078/home,,,,,
,POINT (127.084546 37.509878),,,,,
,야장타입: 노포,,,,,
,분위기: 소소한,,,,,
,주류종류: 소주,,,,,
,한줄리뷰: 잠실새내 노포 야장,,,,,
,주소: 서울 송파구 백제고분로9길 50,,,,,
,위도: 37.50987788773497,,,,,
,경도: 127.08454562240897,,,,,
,네이버지도URL: https://m.place.naver.com/place/37293562/home,,,,,
,POINT (126.967712 37.555466),,,,,
,야장타입: 루프탑,,,,,
,분위기: 데이트,,,,,
,주류종류: 와인,,,,,
,한줄리뷰: 만리재로 야외테라스 바질갈릭 피자 수제맥주 페어링,,,,,
,주소: 서울 중구 만리재로 199,,,,,
,위도: 37.55546555457986,,,,,
,경도: 126.96771163328161,,,,,
,네이버지도URL: https://m.place.naver.com/place/372557663/home,,,,,
,POINT (126.910263 37.604026),,,,,
,야장타입: 루프탑,,,,,
,분위기: 데이트,,,,,
,주류종류: 소주,,,,,
,한줄리뷰: 루프탑 야외시야경,,,,,
,주소: 서울 은평구 갈현로 67-1,,,,,
,위도: 37.604026455939,,,,,
,경도: 126.910263155249,,,,,
,네이버지도URL: https://m.place.naver.com/place/1977094279/home,,,,,
,POINT (126.926264 37.562634),,,,,
,야장타입: 노포,,,,,
,분위기: 데이트,,,,,
,주류종류: 소주,,,,,
,한줄리뷰: 연남동 골목 한옥 야장 고기집,,,,,
,주소: 서울 마포구 성미산로 194-4,,,,,
,위도: 37.562634197624824,,,,,
,경도: 126.92626387527702,,,,,
,네이버지도URL: https://m.place.naver.com/place/1258564823/home,,,,,
,POINT (126.906009 37.519883),,,,,
,야장타입: 노포,,,,,
,분위기: 왁자지껄,,,,,
,주류종류: 소주,,,,,
,한줄리뷰: 요즘 가장 핫한 영등포시장 야장중에 탑티어 매장,,,,,
,주소: 서울 영등포구 영등포로 219,,,,,
,위도: 37.51988270078083,,,,,
,경도: 126.90600891697575,,,,,
,네이버지도URL: https://map.naver.com/p/search/%EC%98%81%EB%93%B1%ED%8F%AC%20%EA%B5%B0%EC%82%B0%EC%A7%91/place/1318616628,,,,,
,POINT (127.008813 37.588412),,,,,
,야장타입: 매장,,,,,
,분위기: 왁자지껄,,,,,
,주류종류: 소주,,,,,
,한줄리뷰: 성북천 야장거리에서 즐기는 삼겹살,,,,,
,주소: 서울 성북구 동소문로2길 47,,,,,
,위도: 37.5884118240211,,,,,
,경도: 127.008813297905,,,,,
,네이버지도URL: https://map.naver.com/p/entry/place/1867203021,,,,,
,POINT (126.946105 37.541964),,,,,
,야장타입: 노포,,,,,
,분위기: 왁자지껄,,,,,
,주류종류: 소주,,,,,
,한줄리뷰: 기가맥힌 옛날 주황색 포장마차가 있는 곳 (우리은행 골목),,,,,
,주소: 서울 마포구 염리동 169,,,,,
,위도: 37.5419643145171,,,,,
,경도: 126.946105239865,,,,,
,네이버지도URL: https://map.naver.com/p/search/%EC%98%81%EB%93%B1%ED%8F%AC%20%EC%9A%B0%EB%A6%AC%EC%9D%80%ED%96%89/place/18561476,,,,,
,POINT (126.975672 37.568649),,,,,
,야장타입: 매장,,,,,
,분위기: 왁자지껄,,,,,
,주류종류: 소주,,,,,
,한줄리뷰: 성북천 야장거리에서 가장 인기많은 술집,,,,,
,주소: 서울 중구 세종대로21길 49,,,,,
,위도: 37.5686490436451,,,,,
,경도: 126.975672489634,,,,,
,네이버지도URL: https://map.naver.com/p/search/%EC%A0%95%ED%86%B5%ED%98%B8%ED%94%84/place/36233608,,,,,
,POINT (127.009441 37.588878),,,,,
,야장타입: 매장,,,,,
,분위기: 왁자지껄,,,,,
,주류종류: 소주,,,,,
,한줄리뷰: 성북천에서 분위기좋게 삼겹살&된장술밥,,,,,
,주소: 서울 성북구 동소문로2길 63,,,,,
,위도: 37.58887758866426,,,,,
,경도: 127.00944061354481,,,,,
,네이버지도URL: https://map.naver.com/p/search/%EC%84%B1%EB%B6%81%EB%8F%BC/place/1546029131,,,,,
,POINT (127.007821 37.587904),,,,,
,야장타입: 노포,,,,,
,분위기: 소소한,,,,,
,주류종류: 소주,,,,,
,한줄리뷰: 성북천 뷰 명당,,,,,
,주소: 서울 성북구 동소문로2길 25,,,,,
,위도: 37.5879037340656,,,,,
,경도: 127.007821409057,,,,,
,네이버지도URL: https://m.place.naver.com/place/38521654/home,,,,,
,POINT (127.003799 37.570493),,,,,
,야장타입: 노포,,,,,
,분위기: 소소한,,,,,
,주류종류: 소주,,,,,
,한줄리뷰: 종로 골목 슈퍼 야장,,,,,
,주소: 서울 종로구 종로36길 10,,,,,
,위도: 37.5704931238017,,,,,
,경도: 127.003798861823,,,,,
,네이버지도URL: https://m.place.naver.com/place/1622244182/home,,,,,
,POINT (127.010926 37.578421),,,,,
,야장타입: 야장거리,,,,,
,분위기: 데이트,,,,,
,주류종류: 소주,,,,,
,한줄리뷰: 창신동 절벽마을 홍콩 빈티지 중식당,,,,,
,주소: 서울 종로구 창신12길 37,,,,,
,위도: 37.578421433,,,,,
,경도: 127.010925715869,,,,,
,네이버지도URL: https://m.place.naver.com/place/1903257210/home,,,,,
,POINT (127.013052 37.527021),,,,,
,야장타입: 야장거리,,,,,
,분위기: 데이트,,,,,
,주류종류: 칵테일,,,,,
,한줄리뷰: 제철 식재료 트렌디 안주 야장,,,,,
,주소: 서울 강남구 신사동 490,,,,,
,위도: 37.52702107996311,,,,,
,경도: 127.01305185425754,,,,,
,네이버지도URL: https://m.place.naver.com/place/1165436888/home,,,,,
,POINT (126.97472 37.534324),,,,,
,야장타입: 노포,,,,,
,분위기: 왁자지껄,,,,,
,주류종류: 소주,,,,,
,한줄리뷰: 백종원 소주랩소디 출연 을지로 골목 삼겹살 갑오징어 야장,,,,,
,주소: 서울 용산구 한강대로62나길 16-1,,,,,
,위도: 37.5343244149508,,,,,
,경도: 126.974719678743,,,,,
,네이버지도URL: https://m.place.naver.com/place/19873567/home,,,,,
,POINT (127.007599 37.587964),,,,,
,야장타입: 노포,,,,,
,분위기: 왁자지껄,,,,,
,주류종류: 소주,,,,,
,한줄리뷰: 성북천 바라보며 숯불 삼겹살,,,,,
,주소: 서울 성북구 동소문로6길 20-23,,,,,
,위도: 37.587964115070235,,,,,
,경도: 127.00759949913108,,,,,
,네이버지도URL: https://m.place.naver.com/place/1907044265/home,,,,,
,POINT (127.008896 37.608181),,,,,
,야장타입: 야장거리,,,,,
,분위기: 왁자지껄,,,,,
,주류종류: 소주,,,,,
,한줄리뷰: 정릉시장 야장 가성비 갑 돌판 고기,,,,,
,주소: 서울 성북구 보국문로11길 21-10,,,,,
,위도: 37.6081813642149,,,,,
,경도: 127.008896039848,,,,,
,네이버지도URL: https://m.place.naver.com/place/1507682775/home,,,,,
,POINT (127.008956 37.58854),,,,,
,야장타입: 야장거리,,,,,
,분위기: 왁자지껄,,,,,
,주류종류: 소주,,,,,
,한줄리뷰: 야장테이블 가장 많은 성북구 소고기 가성비 맛집,,,,,
,주소: 서울 성북구 동소문로2길 51,,,,,
,위도: 37.5885397542294,,,,,
,경도: 127.00895597453,,,,,
,네이버지도URL: https://m.place.naver.com/place/1464093792/home,,,,,
,POINT (127.043943 37.582175),,,,,
,야장타입: 야장거리,,,,,
,분위기: 왁자지껄,,,,,
,주류종류: 소주,,,,,
,한줄리뷰: 성북구 야장거리 무뼈닭발과 곱창전골 새벽 1시까지,,,,,
,주소: 서울 동대문구 왕산로37길 50,,,,,
,위도: 37.5821754088401,,,,,
,경도: 127.043942805721,,,,,
,네이버지도URL: https://m.place.naver.com/place/36936302/home,,,,,
,POINT (126.96246 37.534285),,,,,
,야장타입: 야장거리,,,,,
,분위기: 소소한,,,,,
,주류종류: 소주,,,,,
,한줄리뷰: 용산 야외 포차 스타일,,,,,
,주소: 서울 용산구 새창로 149,,,,,
,위도: 37.53428511408006,,,,,
,경도: 126.96245969340386,,,,,
,네이버지도URL: https://m.place.naver.com/place/1882088744/home,,,,,
,POINT (126.991126 37.568844),,,,,
,야장타입: 노포,,,,,
,분위기: 소소한,,,,,
,주류종류: 소주,,,,,
,한줄리뷰: 을지로 가맥집 야장 감성,,,,,
,주소: 서울 종로구 수표로18가길 25,,,,,
,위도: 37.56884402967113,,,,,
,경도: 126.99112561977735,,,,,
,네이버지도URL: https://m.place.naver.com/place/20736060/home,,,,,
,POINT (127.008828 37.608464),,,,,
,야장타입: 야장거리,,,,,
,분위기: 소소한,,,,,
,주류종류: 소주,,,,,
,한줄리뷰: 정릉천 야장 입구 곱창 막창 가성비 야장,,,,,
,주소: 서울 성북구 보국문로11길 21-4,,,,,
,위도: 37.6084642800342,,,,,
,경도: 127.00882812135951,,,,,
,네이버지도URL: https://m.place.naver.com/place/74141858/home,,,,,
,POINT (126.927918 37.498851),,,,,
,야장타입: 야장거리,,,,,
,분위기: 소소한,,,,,
,주류종류: 소주,,,,,
,한줄리뷰: 신대방삼거리역 야장거리,,,,,
,주소: 서울 동작구 여의대방로24차길 48,,,,,
,위도: 37.49885063831,,,,,
,경도: 126.927917785133,,,,,
,네이버지도URL: https://m.place.naver.com/place/17900252/home,,,,,
,POINT (126.924638 37.56062),,,,,
,야장타입: 야장거리,,,,,
,분위기: 소소한,,,,,
,주류종류: 소주,,,,,
,한줄리뷰: 동교동 황제해물탕 연포탕 통문어찜,,,,,
,주소: 서울 마포구 동교로30길 3,,,,,
,위도: 37.56062034503681,,,,,
,경도: 126.924638314908,,,,,
,네이버지도URL: https://m.place.naver.com/place/1771272316/home,,,,,
,POINT (126.988363 37.57215),,,,,
,야장타입: 노포,,,,,
,분위기: 소소한,,,,,
,주류종류: 소주,,,,,
,한줄리뷰: 종로 탑골공원 뒷골목 가성비 야장,,,,,
,주소: 서울 종로구 종로17길 46,,,,,
,위도: 37.57215044259079,,,,,
,경도: 126.9883631809173,,,,,
,네이버지도URL: https://m.place.naver.com/place/1167594054/home,,,,,
,POINT (126.977853 37.475778),,,,,
,야장타입: 야장거리,,,,,
,분위기: 소소한,,,,,
,주류종류: 소주,,,,,
,한줄리뷰: 사당 노포 오픈런 산오징어 야장,,,,,
,주소: 서울 관악구 남현1길 8,,,,,
,위도: 37.47577771739511,,,,,
,경도: 126.97785289537023,,,,,
,네이버지도URL: https://m.place.naver.com/place/13416229/home,,,,,
,POINT (127.036523 37.526249),,,,,
,야장타입: 루프탑,,,,,
,분위기: 데이트,,,,,
,주류종류: 소주,,,,,
,한줄리뷰: 전동 천장 열리는 연탄불 돼지갈비,,,,,
,주소: 서울 강남구 압구정로48길 36-4,,,,,
,위도: 37.5262485002626,,,,,
,경도: 127.036522641143,,,,,
,네이버지도URL: https://m.place.naver.com/place/12804733/home,,,,,
,POINT (126.99482 37.569779),,,,,
,야장타입: 노포,,,,,
,분위기: 소소한,,,,,
,주류종류: 소주,,,,,
,한줄리뷰: 40년 전통 골뱅이 오겹살,,,,,
,주소: 서울 종로구 종로26길 14,,,,,
,위도: 37.569779482934,,,,,
,경도: 126.994820194923,,,,,
,네이버지도URL: https://m.place.naver.com/place/1798193024/home,,,,,
,POINT (127.087662 37.584336),,,,,
,야장타입: 노포,,,,,
,분위기: 왁자지껄,,,,,
,주류종류: 소주,,,,,
,한줄리뷰: 을지로 노포 삼겹살 야장,,,,,
,주소: 서울 중랑구 면목로55길 10,,,,,
,위도: 37.5843359464852,,,,,
,경도: 127.087661710564,,,,,
,네이버지도URL: https://m.place.naver.com/place/1459447362/home,,,,,
,POINT (126.986242 37.486105),,,,,
,야장타입: 야장거리,,,,,
,분위기: 소소한,,,,,
,주류종류: 소주,,,,,
,한줄리뷰: 이수역 전기통닭 노가리 야장,,,,,
,주소: 서울 서초구 서초대로 35,,,,,
,위도: 37.4861045554897,,,,,
,경도: 126.986241803988,,,,,
,네이버지도URL: https://m.place.naver.com/place/169258393/home,,,,,
,POINT (127.109713 37.512755),,,,,
,야장타입: 야장거리,,,,,
,분위기: 왁자지껄,,,,,
,주류종류: 소주,,,,,
,한줄리뷰: 잡내 없는 곱창전골 야장,,,,,
,주소: 서울 송파구 오금로15길 14,,,,,
,위도: 37.5127548215588,,,,,
,경도: 127.109713317976,,,,,
,네이버지도URL: https://m.place.naver.com/place/1233171176/home,,,,,
,POINT (126.989989 37.573073),,,,,
,야장타입: 노포,,,,,
,분위기: 데이트,,,,,
,주류종류: 소주,,,,,
,한줄리뷰: 익선동 한옥 개조 마당 야외 테라스,,,,,
,주소: 서울 종로구 수표로28길 23-6,,,,,
,위도: 37.573073210516405,,,,,
,경도: 126.98998858970526,,,,,
,네이버지도URL: https://m.place.naver.com/place/1630345460/home,,,,,
,POINT (126.979724 37.571747),,,,,
,야장타입: 야장거리,,,,,
,분위기: 왁자지껄,,,,,
,주류종류: 소주,,,,,
,한줄리뷰: 광화문 야장 테이블 숯불 막창,,,,,
,주소: 서울 종로구 종로3길 24-17,,,,,
,위도: 37.57174653008338,,,,,
,경도: 126.97972397111201,,,,,
,네이버지도URL: https://m.place.naver.com/place/1623136992/home,,,,,
,POINT (126.993662 37.563123),,,,,
,야장타입: 노포,,,,,
,분위기: 소소한,,,,,
,주류종류: 소주,,,,,
,한줄리뷰: 을지로 가맥 스타일 야장,,,,,
,주소: 서울 중구 마른내로4길 25,,,,,
,위도: 37.5631228682618,,,,,
,경도: 126.99366164175,,,,,
,네이버지도URL: https://m.place.naver.com/place/1675162989/home,,,,,
,POINT (127.05625 37.589804),,,,,
,야장타입: 야장거리,,,,,
,분위기: 소소한,,,,,
,주류종류: 소주,,,,,
,한줄리뷰: 사당역 야장 원탑 닭꼬치 포차,,,,,
,주소: 서울 동대문구 회기로 184,,,,,
,위도: 37.58980429813852,,,,,
,경도: 127.05625035704402,,,,,
,네이버지도URL: https://m.place.naver.com/place/1295885830/home,,,,,
,POINT (127.005289 37.572198),,,,,
,야장타입: 노포,,,,,
,분위기: 왁자지껄,,,,,
,주류종류: 소주,,,,,
,한줄리뷰: 동대문 40년 전통 숯불 직화 갈비,,,,,
,주소: 서울 종로구 종로39길 29,,,,,
,위도: 37.572197749404,,,,,
,경도: 127.005288643309,,,,,
,네이버지도URL: https://m.place.naver.com/place/18674490/home,,,,,
,POINT (126.991782 37.567249),,,,,
,야장타입: 야장거리,,,,,
,분위기: 왁자지껄,,,,,
,주류종류: 소주,,,,,
,한줄리뷰: 을지로 골뱅이 마늘치킨 야장 거리 원조 호프 매년 생각나는 맛,,,,,
,주소: 서울 중구 을지로13길 19,,,,,
,위도: 37.56724931479237,,,,,
,경도: 126.99178231800013,,,,,
,네이버지도URL: https://m.place.naver.com/place/1566105397/home,,,,,
,POINT (126.980033 37.475087),,,,,
,야장타입: 야장거리,,,,,
,분위기: 소소한,,,,,
,주류종류: 소주,,,,,
,한줄리뷰: 사당 4계절 야장,,,,,
,주소: 서울 관악구 남현3길 62,,,,,
,위도: 37.475087031297576,,,,,
,경도: 126.98003274309684,,,,,
,네이버지도URL: https://m.place.naver.com/place/1388537802/home,,,,,
,POINT (126.99123 37.565402),,,,,
,야장타입: 루프탑,,,,,
,분위기: 데이트,,,,,
,주류종류: 칵테일,,,,,
,한줄리뷰: 을지로 옥상 포차 감성,,,,,
,주소: 서울 중구 충무로5길 27,,,,,
,위도: 37.5654022333122,,,,,
,경도: 126.99123016143,,,,,
,네이버지도URL: https://m.place.naver.com/place/1060664440/home,,,,,
,POINT (126.928753 37.519756),,,,,
,야장타입: 노포,,,,,
,분위기: 데이트,,,,,
,주류종류: 소주,,,,,
,한줄리뷰: 여의도 빌딩숲 속 골뱅이 야장 노포,,,,,
,주소: 서울 영등포구 국제금융로8길 27-9,,,,,
,위도: 37.51975625180153,,,,,
,경도: 126.9287528622232,,,,,
,네이버지도URL: https://m.place.naver.com/place/1248089419/home,,,,,
,POINT (127.008813 37.588412),,,,,
,야장타입: 노포,,,,,
,분위기: 왁자지껄,,,,,
,주류종류: 소주,,,,,
,한줄리뷰: 성북천 야외테이블에서 삼겹살 항정살 구워먹는 성북동 야장,,,,,
,주소: 서울 성북구 동소문로2길 47,,,,,
,위도: 37.5884118240211,,,,,
,경도: 127.008813297905,,,,,
,네이버지도URL: https://m.place.naver.com/place/1867203021/home,,,,,
,POINT (127.008867 37.608271),,,,,
,야장타입: 야장거리,,,,,
,분위기: 소소한,,,,,
,주류종류: 소주,,,,,
,한줄리뷰: 정릉천 야외 숯불바베큐 치킨,,,,,
,주소: 서울 성북구 보국문로11길 21-8,,,,,
,위도: 37.60827056439712,,,,,
,경도: 127.00886660460182,,,,,
,네이버지도URL: https://m.place.naver.com/place/1119232654/home,,,,,
,POINT (127.013171 37.491338),,,,,
,야장타입: 야장거리,,,,,
,분위기: 왁자지껄,,,,,
,주류종류: 소주,,,,,
,한줄리뷰: 서초동 24시간 야외 고깃집,,,,,
,주소: 서울 서초구 반포대로22길 91,,,,,
,위도: 37.49133767595,,,,,
,경도: 127.0131711577,,,,,
,네이버지도URL: https://m.place.naver.com/place/1092254070/home,,,,,
,POINT (127.01592 37.591089),,,,,
,야장타입: 노포,,,,,
,분위기: 소소한,,,,,
,주류종류: 소주,,,,,
,한줄리뷰: 성북천 뷰 대파 듬뿍 곱창 전문점,,,,,
,주소: 서울 성북구 보문로38길 37,,,,,
,위도: 37.59108882886546,,,,,
,경도: 127.01591975931612,,,,,
,네이버지도URL: https://m.place.naver.com/place/81977276/home,,,,,